0.00480910913140929,0.00480910913140929,0.00480910913140929,0.00480910913140929,0.00572274258420421,0.0811675791231746,0.0919809545700458,0.0233607485946103,0.00480910913140929,0.00480910913140929,0.0226356686548977,0.00763633065947112,0.00447698292963611,0.0129597010067283,0.00453221013813828,0.0307047781600839,0.00611613293782221,0.00857968697964705,0.0351845444176185,0.0270054711675694,0.039537479623977,0.0389521859367112,0.00861492842232669,0.0188509429288839,0.00480910913140929,0.0940069659700621,0.0158779630314614,0.00480910913140929,0.0661514048751168,0.00448082631715794,0.018698500244237,0.00480910913140929,0.00681088412464097,0.00447652218905058,0.0399633887945153,0.0120469327598542,0.0332795266931113,0.0331041693521746,0.00480910913140929,0.00480910913140929,0.00480910913140929,0.00480910913140929,0.0131659543253289,0.0142674285935468,0.00934852825525934,0.00701460679110917,0.00501250524649473,0.0488981470251548,0.0245740273145089,0.0101543231475975,0.00812990740575056
0.0123428311313337,0.0123428311313337,0.0123428311313337,0.0123428311313337,0.0119928099526109,0.0387328501420537,0.0296499205022721,0.0123122977444304,0.0123428311313337,0.0123428311313337,0.0193725235531851,0.0106327880291205,0.0212349492808185,0.0125211020523501,0.012917797342887,0.0136600965741582,0.0129560084191406,0.0130269075272827,0.01320547071554,0.012854410581856,0.0186095564914197,0.0203848373966022,0.0130253220870359,0.0180705676267037,0.0123428311313337,0.0176856612740828,0.0162072906705562,0.0123428311313337,0.209138852045045,0.0130225130792281,0.0154331021293389,0.0123428311313337,0.0108435127895249,0.0144190992767835,0.0372158644869022,0.0142504860842076,0.0492613995066107,0.0177574486903941,0.0123428311313337,0.0123428311313337,0.0123428311313337,0.0123428311313337,0.0114414230921468,0.0118271129050916,0.0112880251219776,0.00995899295452594,0.0120730018264571,0.026873952936194,0.0126109093575716,0.0115700654366326,0.0115042656099242
0.0402764107801912,0.0133779928965939,0.0939621802437848,0.0398814300473416,0.0355501693187175,0.00470429460600219,0.00452177645859487,0.00949770039643332,0.00447961844551793,0.0334041682858076,0.00620364522078051,0.00476019927031475,0.00566857088660399,0.00476019927031475,0.0661196775935829,0.0103444347346031,0.0190844694023938,0.00476019927031475,0.00826701392814724,0.00776676929070138,0.0068764208371371,0.00624202846324375,0.00476019927031475,0.00476019927031475,0.039241484134801,0.00476019927031475,0.00476019927031475,0.0811288123897694,0.00670407195194852,0.0606954541765449,0.00476019927031475,0.014531464183148,0.0272970303385504,0.00476019927031475,0.00476019927031475,0.00476019927031475,0.00476019927031475,0.00497115419242506,0.0919371186202898,0.0335477170964115,0.0236440843318408,0.0309971605989071,0.0160766724873017,0.0189641428390522,0.0122011544235822,0.0248537433423803,0.00447438953541832,0.00476019927031475,0.0088051633235541,0.0131435996950601,0.00867421998874399
0.0232568427987996,0.006534711026817,0.0609597096743344,0.0147072267629174,0.0361781758026233,0.00559835864154287,0.00541155075184938,0.0188689296626428,0.0216122921681232,0.0100231380252273,0.00887199766396505,0.00565770841613456,0.0095603714048172,0.00565770841613456,0.0773547330332032,0.0125598158191093,0.00536243912165246,0.00565770841613456,0.0134337603263338,0.0092701665627856,0.00775208957273786,0.0068921494489078,0.00565770841613456,0.00565770841613456,0.0161824279942609,0.00565770841613456,0.00565770841613456,0.087505648349839,0.0070903863202452,0.0632584950989154,0.00565770841613456,0.00755910087688058,0.0370059665790645,0.00565770841613456,0.00565770841613456,0.00565770841613456,0.00565770841613456,0.00586728761979336,0.112611221554702,0.0189938365523024,0.00704762436370559,0.0108030296263227,0.0324153983189708,0.0301580375797993,0.0344061410358088,0.0309723414336291,0.00564301680432683,0.00565770841613456,0.0136434121993051,0.0266839091462401,0.0243940508677499
0.0233645848737506,0.0118895640891043,0.0326449313533952,0.0143785371613945,0.0180520674951978,0.0122587000062072,0.0125785987624942,0.0149920221296864,0.0183618341740154,0.0133399595258733,0.0119034503435915,0.0121050664515512,0.0112137315308015,0.0121050664515512,0.0376934651472363,0.0128501229530517,0.0142729703333194,0.0121050664515512,0.0124515351778788,0.0122357069232399,0.0102650367175111,0.0117991685144273,0.0121050664515512,0.0121050664515512,0.012825941898235,0.0121050664515512,0.0121050664515512,0.0405835035247997,0.0117007425738105,0.215565771067732,0.0121050664515512,0.0110002888940482,0.0171619267563543,0.0121050664515512,0.0121050664515512,0.0121050664515512,0.0121050664515512,0.0119007163763995,0.018718031431188,0.0234428212671798,0.0118587980422912,0.013237773996518,0.0211865439335287,0.0227743241392085,0.0206150579901833,0.0152989875582499,0.0161338977682153,0.0121050664515512,0.0118947826973617,0.0196734316923958,0.0205148073099577
0.0651771968797571,0.00541410611415692,0.0367958544426255,0.0320042063604801,0.0169957196943455,0.00450243682503216,0.00452081689904757,0.021094378549168,0.0227124996808765,0.0378985853208956,0.00708246506088655,0.00446903658620123,0.0054632733969903,0.00446903658620123,0.0810406245042877,0.0115104319055765,0.00785795992747038,0.00446903658620123,0.0122042368625054,0.00820073766099598,0.00518863282013214,0.00664327017970759,0.00446903658620123,0.00446903658620123,0.0115224741244574,0.00446903658620123,0.00446903658620123,0.0918285291587962,0.00542215420180902,0.0660598206970541,0.00446903658620123,0.00506451468322562,0.0143090629023935,0.00446903658620123,0.00446903658620123,0.00446903658620123,0.00446903658620123,0.00453032613954567,0.0938497683102258,0.0539483864071552,0.00715477096846304,0.0316886256127712,0.0293336346362764,0.0334688704296696,0.025654378079733,0.0165964517833066,0.0108440775761394,0.00446903658620123,0.00868592421877676,0.0232862124370033,0.0163471089276446
0.0105138833936859,0.00479579016077453,0.0162855997410959,0.00628288526451016,0.0812089932110148,0.00683489823523101,0.00704573999499073,0.012362600593453,0.019240225626365,0.00632957283547414,0.013334330151924,0.00452974820079553,0.0135697268853051,0.00479579016077453,0.0323275324776577,0.0261121385673985,0.00447882694365246,0.00479579016077453,0.0182518381879718,0.0239436158218358,0.00788351462516161,0.00908280120418298,0.00479579016077453,0.00479579016077453,0.0147675932504741,0.00502106247803657,0.00479579016077453,0.0372039270306097,0.00963228090985942,0.0661846488398321,0.00479579016077453,0.00479579016077453,0.092028252087802,0.00479579016077453,0.00479579016077453,0.00479579016077453,0.00479579016077453,0.00897255963297181,0.0286128320911777,0.00838994530217802,0.00479579016077453,0.00573448425508978,0.0226452362212898,0.0389706311275207,0.0399823841688613,0.0940553658167017,0.0489220036959688,0.00473140077375765,0.0193305195429232,0.0332948854569988,0.0395562432661717
0.00809496774285647,0.00446321788836805,0.00779781354421909,0.00505067189088915,0.016191251498007,0.00701739061025686,0.00541381629395808,0.0659839585464536,0.0113461821698392,0.00451037036922476,0.0381575325752921,0.00446321788836805,0.0230425258170896,0.00446321788836805,0.0163776893473769,0.037572177942801,0.025396109093546,0.00446321788836805,0.0314110418018678,0.0290671369124551,0.00698891081675975,0.0317520831520276,0.00446321788836805,0.00446321788836805,0.00532193544296152,0.00535650582809552,0.00446321788836805,0.010728728329492,0.0119958148864446,0.0581387408946344,0.00446321788836805,0.00446321788836805,0.0208518339222404,0.00446321788836805,0.00454215599852566,0.00446321788836805,0.00446321788836805,0.00655609958575469,0.0113813338792584,0.00854550104948319,0.00446321788836805,0.00450494944274648,0.080939786841001,0.0917097062489885,0.093727575655729,0.0168025405145877,0.0141500243047066,0.00502844453122372,0.0331337662229121,0.0651028062111031,0.0222882875364064
0.013110543025199,0.0160230449954726,0.0144445123227558,0.0141200043549989,0.0144652256514543,0.0135560151345706,0.0124309924330886,0.0135168188448991,0.0130547580227935,0.0142022754511358,0.0137738424068554,0.0160230449954726,0.0140252627844744,0.0160230449954726,0.015681635034342,0.013531408293052,0.0136371361169982,0.0160230449954726,0.0138944270137322,0.0127151165020991,0.0147650749138166,0.0151231949530585,0.0160230449954726,0.0160230449954726,0.0131501736564671,0.0156352121258813,0.0160230449954726,0.0152797354914414,0.0150075332169207,0.252253546933225,0.0160230449954726,0.0160230449954726,0.0144501842428057,0.0160230449954726,0.0160230449954726,0.0160230449954726,0.0160230449954726,0.0152979061785795,0.0152441145033284,0.0120120736634869,0.0168063360071495,0.0128911323889616,0.0185466759983719,0.0179533692771389,0.0168233391811409,0.0142335923457922,0.0132190098171147,0.0162672907996439,0.0143529100669239,0.01585129046316,0.0163767454419995
0.00722229400216739,0.00515636480757379,0.00925113849922111,0.00515636480757379,0.0263324073602155,0.00963763907345584,0.00907023345959936,0.0236259802649411,0.0146254982171494,0.00515636480757379,0.0375015484192096,0.00500369659280911,0.0142365657641072,0.00515636480757379,0.0172700351966488,0.0350281781601457,0.042010941971087,0.00515636480757379,0.0417588080587464,0.0350332322309695,0.0109926706181284,0.0288470986204593,0.00460337705893553,0.00515636480757379,0.00817663978549999,0.0106810789033346,0.00515636480757379,0.0205408947586263,0.00582013829284312,0.0408578298419747,0.00515636480757379,0.00515636480757379,0.0184041326936851,0.00515636480757379,0.00878857769723138,0.00515636480757379,0.00552974194021824,0.01223250826634,0.0131264235883786,0.00640532372370041,0.00515636480757379,0.00515636480757379,0.0663999893276692,0.081472670982295,0.0923267382720187,0.0241583140469085,0.00449335113148098,0.00708908409788447,0.0325749227099479,0.0943603737611006,0.00747718011240703
0.00475291389275108,0.00475291389275108,0.00475291389275108,0.00475291389275108,0.00565226258584142,0.0395437298480688,0.0331093510619996,0.00946267101861279,0.00475291389275108,0.00475291389275108,0.0160316855419272,0.0270096399391489,0.0144681415036574,0.0226391116420629,0.00452327855370019,0.0121661451266279,0.00621921150998224,0.0389583389488501,0.0131010979692605,0.00865344932938109,0.0172073956310593,0.0189026455219855,0.0245777922454004,0.0661620754298978,0.00475291389275108,0.0307095613528761,0.0811807437277899,0.00475291389275108,0.00447725062285438,0.00469972552943542,0.0919959151778771,0.00475291389275108,0.00666756957777172,0.0489059519708817,0.0399697097582428,0.094022263079942,0.0332847375281941,0.0223940482461001,0.00475291389275108,0.00475291389275108,0.00475291389275108,0.00475291389275108,0.0102988387043051,0.00823459915747967,0.00773589103596137,0.00682751682991953,0.00495939790066586,0.0351900716588019,0.0133280511423747,0.00875875038996362,0.00618350259533471
0.00495888888809544,0.00495888888809544,0.00495888888809544,0.00495888888809544,0.00610788841889629,0.0339782443706654,0.0404340149365321,0.00685296289341568,0.00495888888809544,0.00495888888809544,0.00929377488391635,0.0276917797196601,0.0163235045937589,0.0701536282696554,0.00450159660892959,0.0174609531388736,0.00674878883410088,0.0582514410301117,0.0208180799919101,0.0132505770500867,0.0176134725420821,0.0148178221013456,0.0252164065202918,0.066582923382346,0.00495888888809544,0.0338608579007781,0.0817203127851245,0.00495888888809544,0.00441052271944712,0.00483575557351421,0.0926209771083894,0.00495888888809544,0.00765804218804943,0.0360826928286203,0.0397411830970152,0.0241401056640563,0.0408058430134107,0.00441057947907849,0.00495888888809544,0.00495888888809544,0.00495888888809544,0.00495888888809544,0.0104828550321451,0.0116061872973175,0.00915926748419203,0.00813534693455095,0.00528334816224813,0.0314257358110015,0.0143973410405509,0.00860976920549201,0.0100498618431994
0.00466526719076447,0.00466526719076447,0.00466526719076447,0.00466526719076447,0.00549051692698941,0.0285426864259151,0.0324963197875404,0.00600451841479968,0.00466526719076447,0.00466526719076447,0.00843931843362993,0.0367750592361296,0.0138948738633472,0.0651902013775389,0.00450381848632242,0.0155881182848175,0.00913521112724014,0.0539480183707023,0.0183159462806421,0.0118221933666891,0.0158096681385526,0.0128634795196466,0.0376177826527541,0.0660738763228464,0.00466526719076447,0.0248653797808903,0.0810725209612404,0.00466526719076447,0.00447128187336305,0.00463304648499998,0.0918732730695967,0.00466526719076447,0.00634612549452445,0.0312733430649458,0.0369799180503426,0.0938969193406241,0.0308788409462697,0.00447133022340692,0.00466526719076447,0.00466526719076447,0.00466526719076447,0.00466526719076447,0.0098859385990991,0.00793456758390272,0.00745060528567297,0.00641085245680305,0.00483650707323958,0.0225265361085078,0.0126944577241988,0.00834912477928918,0.0059893506030412
0.0111195416933396,0.0111195416933396,0.0111195416933396,0.0111195416933396,0.0110495477095434,0.0210993181204374,0.0200047841361548,0.0109596797071585,0.0111195416933396,0.0111195416933396,0.0122456787070796,0.0238599240855623,0.0118404305445267,0.0434536810160218,0.0114988350886487,0.0144479189977021,0.0126730663384636,0.205765251060919,0.0149097505938255,0.0131431006167627,0.0217188786532753,0.0128700906626738,0.0183695858121135,0.0463324659710492,0.0111195416933396,0.0210643539424017,0.0463085488775411,0.0111195416933396,0.0115735695249847,0.0112453521537596,0.034427739325389,0.0111195416933396,0.0104126565362502,0.0164165505730302,0.0170948339081626,0.0171182184839508,0.0115736126800009,0.0236417379065093,0.0111195416933396,0.0111195416933396,0.0111195416933396,0.0111195416933396,0.0116539654027896,0.0113949405774345,0.0112404957879099,0.00979834528861519,0.0109697243056657,0.0181352221835535,0.0131755635226997,0.0108669735243575,0.0110915656596622
0.00471188573668228,0.00471188573668228,0.00471188573668228,0.00471188573668228,0.00623880308359335,0.026045699161931,0.018177269102566,0.0815437204419578,0.00471188573668228,0.00471188573668228,0.0924208656215526,0.00493415014150102,0.066438991290481,0.00887285233405157,0.00445259888825211,0.0226385836671135,0.00868540027134409,0.00619433485980114,0.0390248750512776,0.0400377637016536,0.0122704614361145,0.0778680337899436,0.00464966957199998,0.014680092003453,0.00471188573668228,0.0238644566032138,0.00954611605487571,0.00471188573668228,0.0665988946859724,0.00779279727271155,0.0104222755109092,0.00471188573668228,0.00564681885060138,0.0134887296921359,0.0161975839789668,0.00830024098010578,0.0191431456875494,0.0132364197826719,0.00471188573668228,0.00471188573668228,0.00471188573668228,0.00471188573668228,0.0396039107323641,0.033140963955891,0.030728968077272,0.00673404235444879,0.00693456534542751,0.0192455998034461,0.0333229638578667,0.0352218341770865,0.00440099360102632
0.0153028359849901,0.0153028359849901,0.0153028359849901,0.0153028359849901,0.0130032012862729,0.0164376549368611,0.0160533155249834,0.0176027888179601,0.0153028359849901,0.0153028359849901,0.0215484634761054,0.0143889884926304,0.249914179548742,0.0136311445157595,0.0160522667710594,0.0149443056672653,0.0124637510214468,0.0136856597487126,0.0142007899806483,0.0141755845167882,0.0135390336570227,0.0215017523038576,0.0141552075886142,0.0129099468961927,0.0153028359849901,0.0156301323790324,0.0119006752166068,0.0153028359849901,0.0204941800680654,0.0146440617711798,0.0136017019485707,0.0153028359849901,0.0119181493819303,0.0144407195975037,0.0165878529026603,0.0127939963188319,0.0167721506119044,0.0147448796314437,0.0153028359849901,0.0153028359849901,0.0153028359849901,0.0153028359849901,0.0133724942840908,0.0136047900275592,0.0138053103579858,0.0149364995037399,0.0155374625580299,0.0152787526067502,0.0139322717137816,0.0128043515659676,0.014054664998571
0.0149039176538383,0.0149039176538383,0.0149039176538383,0.0149039176538383,0.0138496357307098,0.0165642301715989,0.0160591088403838,0.0134193169510668,0.0149039176538383,0.0149039176538383,0.0165603616199762,0.0133710378032153,0.0138928123499853,0.0128142044278325,0.0156096900305551,0.0231812508045843,0.0144587361098227,0.0118666932187645,0.0234452832776218,0.0225170086979192,0.0148697593778465,0.0179399572507865,0.0126104694992063,0.0133628063332093,0.0149039176538383,0.0157214594052877,0.0134008615752042,0.0149039176538383,0.24629804408661,0.0157384536290816,0.0122429939924004,0.0149039176538383,0.0142986333971105,0.0145553877198963,0.0137663163286969,0.0157410689129754,0.0128788578453616,0.0157491661206311,0.0149039176538383,0.0149039176538383,0.0149039176538383,0.0149039176538383,0.0144928954681006,0.0141816402222935,0.0144436952757219,0.0127618369401154,0.0117284782898386,0.0152544781346094,0.0193691660704675,0.0135719392932333,0.0136613352973822
0.00494015281692561,0.00494015281692561,0.00494015281692561,0.00494015281692561,0.00644907978937377,0.0422755748140438,0.0354622593962803,0.0197330028654771,0.00494015281692561,0.00494015281692561,0.0237739606121912,0.0139515157236151,0.0088993762826678,0.00987040834380942,0.00449588153754857,0.0666321087364171,0.0166448939941537,0.0108301304447355,0.0817822373511894,0.0926920753747531,0.0424019984193417,0.0412222729401415,0.0152493183674557,0.00859603634268719,0.00494015281692561,0.0329814205633413,0.00807355362283862,0.00494015281692561,0.0702058186310838,0.00523031320757285,0.00927487826325985,0.00494015281692561,0.00580522670488233,0.00441390835117872,0.0126153105626516,0.00638480978336104,0.0136431396449317,0.0335348840663901,0.00494015281692561,0.00494015281692561,0.00494015281692561,0.00494015281692561,0.0292315461718085,0.026689232971855,0.0186147976938049,0.00704768550897907,0.0046166722396389,0.0380186721573191,0.0241535723061262,0.0245074414949698,0.0197729980980916
0.00491338671029759,0.00491338671029759,0.00491338671029759,0.00491338671029759,0.0138681206116803,0.0200100461470582,0.0168642357246584,0.0363406244576759,0.00491338671029759,0.00491338671029759,0.0387367014682528,0.00827738883610978,0.0269273998123401,0.00654972731394945,0.00481914687860354,0.0661770886769342,0.0316341845467325,0.00662569169830073,0.081199241484527,0.0920169221830432,0.0188077112480706,0.00448020274328407,0.0095419984033601,0.00595611221764452,0.00491338671029759,0.0200094415454763,0.00728262815018578,0.00455038759220536,0.00447827334390124,0.00880386619097519,0.00762919689382054,0.00491338671029759,0.00905301644327159,0.00491338671029759,0.0100828739185797,0.00518859393151678,0.0110848422924763,0.0247677758750276,0.00491338671029759,0.00491338671029759,0.00491338671029759,0.00491338671029759,0.0652920287011368,0.0222876407630032,0.0382745574009449,0.0142083036592985,0.0155591415262008,0.0128122849513321,0.094043740221926,0.0392318068262443,0.0326530280863827
0.00465963564899268,0.00465963564899268,0.00462960324601696,0.00465963564899268,0.0239041873508766,0.0147243471036079,0.0171657020915797,0.00777548013256418,0.00450526292172436,0.00465963564899268,0.0119472685083431,0.0391934372603669,0.00447385103205837,0.00848971230383083,0.00465963564899268,0.0811191440984676,0.0661119276741969,0.00471572724283155,0.0919260688801962,0.0939508716732257,0.0222661186199044,0.0127576502516227,0.0326211997374872,0.00588763908951932,0.00465963564899268,0.0111515834586499,0.00589119487488585,0.00465963564899268,0.00802551541445616,0.00618369459918267,0.00540649449332948,0.00465963564899268,0.0167483438721482,0.00465963564899268,0.00729922573683341,0.00617280373411011,0.00812852596779134,0.0382371396190451,0.00465963564899268,0.00465963564899268,0.00465963564899268,0.00465963564899268,0.0386988241809128,0.0323747504370967,0.0299964068290447,0.0217152258366947,0.0174952830389099,0.0118973060781605,0.0652277477050957,0.0343044256469014,0.0263050458214263
0.00500612747873569,0.00500612747873569,0.00500612747873569,0.00500612747873569,0.00608706269182741,0.0397611997013852,0.0408263874148606,0.00672331325042864,0.00500612747873569,0.00500612747873569,0.0143438023280156,0.0926672084696362,0.00999279275231074,0.0701887216130924,0.00451149272589648,0.0200186710993957,0.0147554605118323,0.0582806339544828,0.0168550999259106,0.0200110327738238,0.066616246575913,0.00926694602677213,0.0241523881525968,0.0357763292731924,0.00500612747873569,0.0339954040418639,0.0332875254328959,0.00500612747873569,0.0269818277140958,0.00442031738098052,0.0383990765109761,0.00500612747873569,0.00761316985257548,0.00682432730427183,0.018816216588726,0.0295363656229799,0.0248038855401724,0.0817611402246962,0.00500612747873569,0.00500612747873569,0.00500612747873569,0.00500612747873569,0.0162450932916636,0.0104390243174534,0.0115496983666956,0.00807582213969399,0.00441272421283982,0.00473845603169271,0.00449539803042982,0.00911882245983871,0.00857125847052145
0.00530241804131621,0.00530241804131621,0.00530241804131621,0.00530241804131621,0.00660461313261553,0.0342222481537216,0.031783788050019,0.00748659293854566,0.00530241804131621,0.00530241804131621,0.00991104610402221,0.0924866457167961,0.00732818073567439,0.0665150743293846,0.00463424573198864,0.0186414137039922,0.0178573623477908,0.0816138137985365,0.0223604600300684,0.0141905590651703,0.0328200997616278,0.0160704809371952,0.0945237969768339,0.0656255020982738,0.00530241804131621,0.0365112151917536,0.0224018671223317,0.00530241804131621,0.00450153322446388,0.00511432106983772,0.0384702890271686,0.00530241804131621,0.00857193982664974,0.0220991882182105,0.0270536272710849,0.0394324187475031,0.00450183705810189,0.00918419445464082,0.00530241804131621,0.00530241804131621,0.00530241804131621,0.00530241804131621,0.0113956285532129,0.0127403629407112,0.0100068272371892,0.00930070490093433,0.00450113318937305,0.00450170280693145,0.0154978049794886,0.00942128261708084,0.0111847634139645
0.00450089671914233,0.00450089671914233,0.00450089671914233,0.00450089671914233,0.00517680435752242,0.0387461261922875,0.0324134564621664,0.00849595263210316,0.00450089671914233,0.00450089671914233,0.0171837352439746,0.0217394429213763,0.0147390618484552,0.039241411573715,0.00447967975879291,0.0119081781723806,0.0055837383025994,0.0326602407483424,0.00803112478390897,0.01195820851391,0.0263355016109886,0.0111614419306884,0.0175137641736377,0.0812241058563667,0.00450089671914233,0.0300318800946761,0.0920457199319251,0.00450089671914233,0.0167658097311047,0.00451187958408113,0.0940732749346511,0.00450089671914233,0.00570621956229541,0.0661964908991113,0.0222910845046493,0.0653111091099154,0.0382838140864772,0.0239313797777127,0.00450089671914233,0.00450089671914233,0.00450089671914233,0.00450089671914233,0.009073538074235,0.00734638914011495,0.00689064599124017,0.00557436357449162,0.00460006590378471,0.0343457545796645,0.0127696917671734,0.00753628423296859,0.00561097208766106
0.0159769736689429,0.0159769736689429,0.0159769736689429,0.0159769736689429,0.0152444357878228,0.0153868412994038,0.0153192725606543,0.013969320477961,0.0159769736689429,0.0159769736689429,0.0126767609313282,0.0135074405883683,0.0130434622383536,0.0142803518037161,0.0167717514497436,0.0137269447510024,0.0147057254319618,0.0132704176042214,0.0152039772513748,0.0130581308715276,0.0135232306393415,0.0143115408503205,0.0138629240124244,0.0175966446903708,0.0159769736689429,0.0145571833827168,0.016374102481489,0.0159769736689429,0.0136569029487775,0.0162248880265602,0.0165090758952099,0.0159769736689429,0.0134793774015326,0.250895527861717,0.0191908379354758,0.0153909183773858,0.0186994404700131,0.014431310810956,0.0159769736689429,0.0159769736689429,0.0159769736689429,0.0159769736689429,0.0130841286227172,0.0140597975410263,0.0141410396221635,0.0123370563531906,0.015583890375624,0.0145117024874776,0.0119474060886532,0.0128136764392578,0.0149519059419014
0.0220410149042094,0.0393295266697325,0.0389731582752825,0.0635299737618988,0.0195147162900065,0.00604958895513616,0.00604958895513616,0.011650036873517,0.0328390421854488,0.0776866668849665,0.00791807389345895,0.00589556627640532,0.00725973854643224,0.00604958895513616,0.030564137641098,0.0128574328372432,0.0217744413615409,0.00604958895513616,0.0103642300050844,0.00982414202848872,0.00962706496609364,0.00805361559622295,0.00549566926316979,0.00604958895513616,0.113094361542401,0.00604958895513616,0.00604958895513616,0.0348982285979632,0.00900397551234653,0.00568178976310419,0.00604958895513616,0.0329577334634383,0.0254337144846553,0.00604958895513616,0.00604958895513616,0.00604958895513616,0.00604958895513616,0.00641806767644355,0.00538607353969565,0.00809588861948556,0.0461867149280246,0.0878811169024648,0.0142624181898872,0.0154491659726908,0.0103292142683258,0.0207868618843243,0.00538544578773341,0.00604958895513616,0.0113996647317477,0.0159495917835262,0.0175570676746713
0.0409645078039178,0.081305125461335,0.0407241705016354,0.0941663147609958,0.0188512896026653,0.00506045872164447,0.00506045872164447,0.0106396152344588,0.0341351242867606,0.065377242324761,0.00687940455786425,0.00493004006965071,0.00623032457264708,0.00506045872164447,0.0317047071715846,0.0117883851489189,0.0210046709189329,0.00506045872164447,0.00931444436733816,0.00876298691665129,0.00834273008955617,0.00699082822536027,0.00457986330526426,0.00506045872164447,0.00739696190924082,0.00506045872164447,0.00506045872164447,0.0364243794815984,0.00783178076557789,0.0269903166220385,0.00506045872164447,0.0921368630083837,0.0248281758738678,0.00506045872164447,0.00506045872164447,0.00506045872164447,0.00506045872164447,0.0053963606497869,0.00448481098592457,0.0324022047229087,0.0662634523764728,0.0196807657749243,0.0133948096640638,0.0145580325584367,0.00941473719183189,0.0200593628198985,0.00448411022671408,0.00506045872164447,0.0102414293662338,0.0149980934567797,0.0165356138436407
0.00539685171617106,0.00539685171617106,0.00539685171617106,0.00539685171617106,0.012196763328844,0.0167522916007735,0.0213459210274049,0.0090214555390642,0.00539685171617106,0.00539685171617106,0.0331145691302451,0.0170833893650033,0.00752954218706681,0.00953064511728437,0.00540633895846155,0.0633355700642641,0.0460454577430949,0.00795200424469446,0.0774488815554176,0.0876120918000125,0.0313534369555352,0.0256543678001923,0.0115196900090204,0.00596759723337372,0.00539685171617106,0.0174191303691545,0.00640235695377525,0.00537423789654685,0.0234069654267424,0.00632919035892073,0.00624105619401333,0.00539685171617106,0.00862917563006489,0.00539685171617106,0.00808740177260344,0.00536895586760622,0.00636284903808761,0.0291237945675241,0.00539685171617106,0.00539685171617106,0.00539685171617106,0.00539685171617106,0.0219737495662201,0.0368730386347522,0.0377528995329522,0.0122210231839451,0.0129408684760609,0.0148423899086636,0.112748073219731,0.0316107404435827,0.0372630169890766
0.00491269948784756,0.00491269948784756,0.0155519695120393,0.00491269948784756,0.0382840197474903,0.00953632455504255,0.00654742036501198,0.0200051454178259,0.0100789595313257,0.00491269948784756,0.0188042627362126,0.0110795406735885,0.00827378853034347,0.00727803959051316,0.0138637283842834,0.0340564416561865,0.0661937135218727,0.0076228445599537,0.0316297275971557,0.0363343827565622,0.0168599686703379,0.0247620298768869,0.00880012643763407,0.00491269948784756,0.00455093092968318,0.00662300460447539,0.00491269948784756,0.00905102668981986,0.0128088198769176,0.02692233024458,0.00491269948784756,0.00491269948784756,0.0392415148959251,0.00491269948784756,0.00518729542492223,0.00491269948784756,0.00481884297359043,0.0200032652762202,0.0142028749337346,0.00491269948784756,0.00491269948784756,0.00491269948784756,0.081219722472275,0.0920401800378738,0.0940675183550354,0.0326610474027498,0.00913899608056755,0.00595427103495195,0.00447940563595407,0.0653084263537611,0.0222929993146778
0.0104134906763319,0.0104134906763319,0.0105610609668952,0.0104134906763319,0.0151046521793634,0.0211110125703113,0.0224900800085561,0.00953712489655457,0.0108604103096653,0.0104134906763319,0.0101297768052519,0.0461459784663943,0.0102335780383391,0.0384061863896292,0.0104134906763319,0.0260044518479349,0.0258055463873408,0.0188321883411235,0.0229396377855563,0.0252811333863972,0.0520441974683876,0.0107890986381735,0.185209069270903,0.0110281258854746,0.0104134906763319,0.0190398057559295,0.0107646754717852,0.0104134906763319,0.0117841094691982,0.00881947948909062,0.0105538908172038,0.0104134906763319,0.0165611215664139,0.0104134906763319,0.00989662493838782,0.010392990111358,0.0102893806183374,0.0522959880972936,0.0104134906763319,0.0104134906763319,0.0104134906763319,0.0104134906763319,0.0142484032715671,0.0124575484812074,0.0124514333593911,0.0148963869454055,0.0138336393890384,0.0178551007684827,0.0223437175663422,0.0115521939394786,0.0120748215095229
0.00539663107636427,0.00539663107636427,0.00537089050634976,0.00539663107636427,0.00642365722057049,0.0306653311137986,0.0284555998732019,0.00549270715873979,0.00539663107636427,0.00539663107636427,0.0124269717046153,0.063293242272409,0.00644745772730514,0.087553698014285,0.00539663107636427,0.0150347924926425,0.00872029289109388,0.112673044657083,0.0173411682664495,0.0116689543980577,0.0309893757538828,0.0131977799612866,0.0773972136950632,0.0609931956864869,0.00539663107636427,0.0322848345023919,0.0216241913713023,0.00539663107636427,0.0216203512161843,0.00540514487481287,0.0361980661515363,0.00539663107636427,0.00603725394479728,0.0176452978147165,0.0227753291989682,0.0370263110711588,0.00536538307890872,0.0364719451445994,0.00539663107636427,0.00539663107636427,0.00539663107636427,0.00539663107636427,0.00916618787443047,0.00971551263246099,0.00808506589178955,0.0065477238625613,0.00643212868769256,0.0249938628982243,0.0123750688392078,0.00765612524744828,0.00827263831075105
0.00550912179156734,0.00550912179156734,0.00538709333258699,0.00550912179156734,0.00662712567452975,0.0362886618876357,0.0371252121073674,0.0053621353672248,0.00550912179156734,0.00550912179156734,0.00891501777437834,0.0632551074513563,0.00683020529454583,0.087500791118348,0.00550912179156734,0.018123781737696,0.0127514084166763,0.112604842711721,0.0154420475675261,0.0178842779439084,0.0609564613527444,0.0128600623383301,0.0773504910336072,0.0307621933952797,0.00550912179156734,0.0310744902409252,0.0285506252336423,0.00550912179156734,0.0222008307479064,0.00548798372253722,0.0324049579385079,0.00550912179156734,0.0066235322588494,0.00866012180901441,0.024250087432542,0.00536264777516562,0.0173255094800116,0.0192093529107502,0.00550912179156734,0.00550912179156734,0.00550912179156734,0.00550912179156734,0.0137360036370279,0.00947124324660756,0.0101033208114472,0.00618593901157373,0.00685211798108528,0.0365823710427477,0.0119851840862629,0.00836536723974471,0.00792281359781353
0.0224717254992032,0.017702071177874,0.0231787032286927,0.0380360056375202,0.0153649674049687,0.0118828311833438,0.0118828311833438,0.0114702023491064,0.0208930054003904,0.0410044186269699,0.0117960045529214,0.0120074433330665,0.0117772627442872,0.0118828311833438,0.0193236362410511,0.0123879081710544,0.0149805795272534,0.0118828311833438,0.012171662298827,0.01200568045015,0.0105110480840785,0.0116662101384702,0.0122613988030728,0.0118828311833438,0.220732009765648,0.0118828311833438,0.0118828311833438,0.0201379295682128,0.0111153512690227,0.0174332910703332,0.0118828311833438,0.0123373844542455,0.0163824845761712,0.0118828311833438,0.0118828311833438,0.0118828311833438,0.0118828311833438,0.0117284761331137,0.0123361822814151,0.0202850090124078,0.0258348189852819,0.040743252504905,0.0135425744640516,0.0135351986198589,0.0128158763803422,0.0151232714568317,0.0123360056333035,0.0118828311833438,0.0118762075893406,0.0132285597647185,0.0129893774183684
0.0138084586342452,0.0213796083803944,0.0160633486142973,0.0203176630130767,0.0143579334098242,0.0151469241810283,0.0151469241810283,0.012514335684771,0.0157175728055791,0.0179257431181425,0.0143014650640378,0.0153682663366331,0.0145356545728278,0.0151469241810283,0.0152569112035951,0.0136009446842956,0.0129747279352858,0.0151469241810283,0.0128478569894717,0.013612100950719,0.011971664879177,0.014080685465775,0.0158531097157232,0.0151469241810283,0.251404962462717,0.0151469241810283,0.0151469241810283,0.0149238433935892,0.0129964523404321,0.0139102750416755,0.0151469241810283,0.0213325577367134,0.0133485536955951,0.0151469241810283,0.0151469241810283,0.0151469241810283,0.0151469241810283,0.014803009045048,0.0145908492660222,0.0159926895509345,0.0164125249676216,0.0163026311152176,0.0140664439956875,0.01359113858708,0.0146719116387027,0.0135465730402967,0.0159926979642413,0.0151469241810283,0.0136569119102695,0.0129988179842261,0.0120590904526909
0.0340725037870747,0.0321932328754386,0.0666254277856028,0.0815761283930746,0.0185326976366512,0.0049209949252672,0.0049209949252672,0.00988921139388447,0.0226478358494049,0.092457549407903,0.00667015267736007,0.00480558725770645,0.00604177289155614,0.0049209949252672,0.0390433907408415,0.0103512998527811,0.0205796562026166,0.0049209949252672,0.011442350643767,0.0090393156739837,0.00797462204783351,0.00676677944830455,0.00448889961868693,0.0049209949252672,0.0664654615316534,0.0049209949252672,0.0049209949252672,0.0324717283243839,0.00753229627612191,0.00469912049323945,0.0049209949252672,0.0298068557935814,0.0243903936576797,0.0049209949252672,0.0049209949252672,0.0049209949252672,0.0049209949252672,0.00523231699349347,0.0385159750145532,0.00440337176624867,0.0595614405764455,0.077898996818681,0.0131095054079302,0.0142321686599613,0.00920465069400054,0.0196788644261527,0.00440274044799538,0.0049209949252672,0.00849584676846566,0.0146312011982488,0.0160957169382186
0.0068734108709008,0.00771787344059774,0.0241795142777824,0.0145234363241603,0.0669034116680605,0.00444499600112149,0.00492711877886866,0.00676194854677892,0.0420610293648528,0.0093279848377181,0.011718375504581,0.0165148983203302,0.00492711877886866,0.00492711877886866,0.0360958211983875,0.0251451916566623,0.0526850040461055,0.00492711877886866,0.0202818818364654,0.0170648279266532,0.00866325620745852,0.00922069870910061,0.0105607855530669,0.00492711877886866,0.004433402487035,0.00492711877886866,0.00492711877886866,0.0431437376126139,0.00526491569200413,0.0433021149513148,0.00492711877886866,0.00822893163174327,0.0821338104418723,0.00492711877886866,0.00492711877886866,0.00492711877886866,0.00492711877886866,0.0101520912939939,0.0362004522683269,0.00610682722231546,0.0047964498910405,0.0149651960104116,0.0336889984457618,0.038903521547412,0.0299141445754408,0.0931014522277349,0.0241998105560283,0.00492711877886866,0.0203057239005517,0.0273324130981196,0.0190291157302024
0.0343170029911595,0.0588464860469763,0.0348491183245681,0.05424470385695,0.0172087588572157,0.00687625793685623,0.00687625793685623,0.00997528486547838,0.029468333877759,0.0205516955167946,0.00799067022758283,0.00701913931220148,0.00757038119623299,0.00687625793685623,0.0271633142566198,0.0106453061547654,0.0183999847300623,0.00687625793685623,0.0112757047839014,0.00963078562280058,0.00828524408070666,0.00800231819378309,0.00685020274581874,0.00687625793685623,0.0771988516396269,0.00687625793685623,0.00687625793685623,0.0305277643226951,0.00674356904636119,0.0233127859963779,0.00687625793685623,0.141051961552767,0.0214632034684507,0.00687625793685623,0.00687625793685623,0.00687625793685623,0.00687625793685623,0.00833451284178207,0.0067170293601643,0.0291424067509069,0.0759681844296508,0.00896390288801657,0.0129183516837092,0.013652923790975,0.0100629280933971,0.0178652024044448,0.0067167600739413,0.00687625793685623,0.00922206036756751,0.0137926152178838,0.0146591972507736
0.00450089671914233,0.0239313797777127,0.0300318800946761,0.00450089671914233,0.0920457199319251,0.0127696917671734,0.00849595263210316,0.00450089671914233,0.0343457545796645,0.00450089671914233,0.00450089671914233,0.0661964908991113,0.00450089671914233,0.039241411573715,0.00689064599124017,0.0111614419306884,0.0382838140864772,0.0326602407483424,0.0119081781723806,0.00803112478390897,0.0387461261922875,0.00450089671914233,0.0812241058563667,0.0217394429213763,0.0263355016109886,0.009073538074235,0.0175137641736377,0.00753628423296859,0.00450089671914233,0.00451187958408113,0.0147390618484552,0.0167658097311047,0.0940732749346511,0.00450089671914233,0.00450089671914233,0.0171837352439746,0.00450089671914233,0.0324134564621664,0.00561097208766106,0.00450089671914233,0.00447967975879291,0.00450089671914233,0.0055837383025994,0.00517680435752242,0.00570621956229541,0.0653111091099154,0.0222910845046493,0.00734638914011495,0.01195820851391,0.00557436357449162,0.00460006590378471
0.00548240581429179,0.00548240581429179,0.00647430386518211,0.00548240581429179,0.0116471048562248,0.0214518414077517,0.0175346249989938,0.062872266442154,0.00610217628136907,0.00548240581429179,0.0768486979525657,0.00657531991009135,0.10898507873714,0.00557038938302723,0.00768146187218896,0.0351118649924946,0.0234912125166603,0.00549515938499909,0.0295105636067635,0.0273492537163907,0.0131153684030941,0.114845271498339,0.00644114389041942,0.0054709204735046,0.00548240581429179,0.014962992714594,0.00548240581429179,0.00826699601847497,0.0257239464882729,0.0168499609532962,0.00548240581429179,0.00548240581429179,0.0123341415994832,0.00548240581429179,0.00969657039903899,0.00548240581429179,0.00810361489927849,0.00916963267857022,0.0065021226072508,0.00548240581429179,0.00548240581429179,0.00548240581429179,0.0589524294316088,0.0210638561784835,0.0350191617291555,0.00875095800238483,0.0123736704032513,0.0172197354201649,0.00546882245230185,0.0357611913607213,0.0299348968885211
0.0135549901484904,0.01601996203959,0.0131108393054005,0.01601996203959,0.0130504594855248,0.0140243214730238,0.0131499859477512,0.252279919963039,0.0120133295220495,0.01601996203959,0.0156776733316988,0.015632438482594,0.015240096699062,0.0168026565260405,0.0143487779868421,0.0144611079731803,0.0135125795559635,0.01601996203959,0.0144460646358281,0.0142294449660447,0.0128908989259743,0.0152757222547212,0.0162640246048758,0.01601996203959,0.01601996203959,0.0141188103825618,0.01601996203959,0.0137696360750909,0.014440391988489,0.0136329122558969,0.01601996203959,0.01601996203959,0.0135271708748668,0.01601996203959,0.0147631150313435,0.01601996203959,0.0152954787415892,0.0150053940067342,0.0152422355135906,0.0124307986756632,0.01601996203959,0.01601996203959,0.0185430816692281,0.0179496988704907,0.0168195238749552,0.0138902361440814,0.0127107744138671,0.0142009474519705,0.01321473234124,0.0158473505147986,0.016372872870767
0.00506699021398154,0.00506699021398154,0.00506699021398154,0.00506699021398154,0.00624369647484701,0.0409694332233787,0.0341390739675356,0.0104231751147044,0.00506699021398154,0.00506699021398154,0.0173238844873578,0.024236200618171,0.0131688764074038,0.0316263051542596,0.0045798582850928,0.014290126376306,0.0046110510760688,0.0363276208036471,0.00927473151786999,0.0146909979296227,0.0279144295665896,0.0206181707254131,0.00448287611510027,0.0662451951910018,0.00506699021398154,0.0406306775997203,0.0812827394321827,0.00506699021398154,0.00448302297931582,0.00493455450950597,0.0921115037361036,0.00506699021398154,0.00786026853023784,0.00448707142795569,0.0653592283983179,0.0941403984171056,0.0223107789205752,0.0254424467723526,0.00506699021398154,0.00506699021398154,0.00506699021398154,0.00506699021398154,0.0115144625995547,0.00911585260217851,0.00857409246570124,0.00838041089085819,0.00540623520249521,0.0340540756866121,0.0161554379664162,0.00996875931959826,0.00675140672708227
0.00447116747062447,0.00447116747062447,0.00447116747062447,0.00447116747062447,0.00509421467255468,0.0381863185912216,0.0317649442888229,0.00804901384909566,0.00447116747062447,0.00447116747062447,0.0167782349135195,0.0163523275044994,0.0208375954536767,0.0331500624248296,0.00449777091140279,0.0113435503698148,0.00454571104013221,0.0253931683541616,0.00775112088189032,0.0113083112681322,0.0230337337272795,0.0141191241624512,0.0106893223477103,0.0938945168831139,0.00447116747062447,0.0375995086819564,0.0651985820973031,0.00447116747062447,0.0290733228822915,0.00449683133251804,0.0222776203005036,0.00447116747062447,0.00551097411372687,0.0660819251055497,0.0810749357650187,0.0582172031013219,0.0918716307594677,0.0161654261435129,0.00447116747062447,0.00447116747062447,0.00447116747062447,0.00447116747062447,0.00850066724706646,0.00694020710457095,0.00650631984188002,0.00531255962205783,0.00454549864177752,0.0314230550602518,0.0119595590661799,0.00696875770297795,0.00536119666764006
0.0150251187380674,0.0150251187380674,0.0150251187380674,0.0150251187380674,0.0143852742195602,0.0169765116365946,0.0164382389808803,0.0128377600606659,0.0150251187380674,0.0150251187380674,0.0136424270974493,0.0118337257771908,0.0146338557521454,0.0144193130797625,0.0157706987487915,0.0139400534574603,0.0139082289371274,0.0141202278758375,0.0134443873114844,0.0145531488570845,0.0144569313463876,0.013776427104565,0.0134260732880032,0.0226516411586677,0.0150251187380674,0.0161608836932612,0.0195197334251427,0.0150251187380674,0.0152720218008538,0.0152589565922612,0.0167251476019072,0.0150251187380674,0.0127642673895247,0.245299860366956,0.0233125207632118,0.0172868644931847,0.023575216660712,0.0135111105976086,0.0150251187380674,0.0150251187380674,0.0150251187380674,0.0150251187380674,0.0126356374717735,0.0134281960524429,0.013471688929367,0.0116809457317598,0.0146627647437666,0.0156613006699616,0.0128192950086607,0.0122705104725836,0.0141416092505264
0.00450089671914233,0.00450089671914233,0.00450089671914233,0.00450089671914233,0.00570621956229541,0.0222910845046493,0.0382838140864772,0.0300318800946761,0.00450089671914233,0.00450089671914233,0.0387461261922875,0.00753628423296859,0.0812241058563667,0.00803112478390897,0.00447967975879291,0.0147390618484552,0.0055837383025994,0.01195820851391,0.0171837352439746,0.0111614419306884,0.0217394429213763,0.0324134564621664,0.00561097208766106,0.0343457545796645,0.00450089671914233,0.039241411573715,0.0263355016109886,0.00450089671914233,0.0653111091099154,0.00517680435752242,0.0239313797777127,0.00450089671914233,0.00557436357449162,0.0661964908991113,0.0920457199319251,0.0167658097311047,0.0940732749346511,0.0175137641736377,0.00450089671914233,0.00450089671914233,0.00450089671914233,0.00450089671914233,0.0127696917671734,0.00849595263210316,0.009073538074235,0.00460006590378471,0.00451187958408113,0.0326602407483424,0.0119081781723806,0.00734638914011495,0.00689064599124017
0.0443619042080055,0.0660744909985323,0.0443369562449416,0.100632518576179,0.0210125955304135,0.00575826004036348,0.00575826004036348,0.0124338729905029,0.0373358362116983,0.0703018764935177,0.00807008042303079,0.00552750055918383,0.00727242342218318,0.00575826004036348,0.0348384095921624,0.0124256402880005,0.0239040867817655,0.00575826004036348,0.0139743131460673,0.0109859902608398,0.0105970875926565,0.00828004113405196,0.0049521778925686,0.00575826004036348,0.00479662543238198,0.00575826004036348,0.00575826004036348,0.0402661555006928,0.00962927928395995,0.0300080748821546,0.00575826004036348,0.0809951985028707,0.0278936914250187,0.00575826004036348,0.00575826004036348,0.00575826004036348,0.00575826004036348,0.00626112715360832,0.0047924116028059,0.0370988967381997,0.00479940161758946,0.0240880388341786,0.0152212064812038,0.0166731871355174,0.0106659824784486,0.0226490603194981,0.00479202469410375,0.00575826004036348,0.0103706479279827,0.0173893202477573,0.0194344868710016
0.0252362738806743,0.0461298775506586,0.0244433862377315,0.0519116041839733,0.0152119350645424,0.0104018341843959,0.0104018341843959,0.0100018184738425,0.0216125110193684,0.0381173532562317,0.010330918053678,0.0105487264225159,0.0102966613229897,0.0104018341843959,0.0203996700076264,0.0111083206817147,0.0144024564981041,0.0104018341843959,0.010870190912602,0.010626369768958,0.0088183726702076,0.0101774727938535,0.0108465529150668,0.0104018341843959,0.0343260520091551,0.0104018341843959,0.0104018341843959,0.0216080019030845,0.00953293291307465,0.0180192661891612,0.0104018341843959,0.185185826074359,0.0167272319141245,0.0104018341843959,0.0104018341843959,0.0104018341843959,0.0104018341843959,0.0102230527636443,0.0109343174902973,0.0222802665956019,0.0558545693016128,0.0187315575918402,0.0125415375510245,0.0125538622498308,0.0115986741488681,0.0150307792816463,0.0139459069485032,0.0104018341843959,0.0104612514652749,0.0121945648701005,0.0119360326273101
0.00489137614898618,0.00489137614898618,0.00489137614898618,0.00489137614898618,0.00588129085745031,0.0919283193123716,0.093953186454091,0.00968825644296037,0.00489137614898618,0.00489137614898618,0.0155100928836955,0.0228360382290764,0.0117613717617171,0.0264615492743176,0.00454312405651045,0.0126214944753513,0.00457614655331619,0.0240539582050575,0.00840225634598208,0.0127787365438982,0.0301543387944397,0.018210845328144,0.0184186907989356,0.0367968645931767,0.00489137614898618,0.0652291496585965,0.0376400964268777,0.00489137614898618,0.0325372396042223,0.00447870301487492,0.0312918292233142,0.00489137614898618,0.00713562799904722,0.00447396125971862,0.0661133577271368,0.00889731433989922,0.0811210510841336,0.0345011221977517,0.00489137614898618,0.00489137614898618,0.00489137614898618,0.00489137614898618,0.010586180917632,0.00844200675080817,0.0079332486863208,0.0074393218964116,0.00513149571725732,0.053980184215549,0.0055412214983877,0.0090463148396939,0.00631612209505469
0.00507152226334728,0.00507152226334728,0.00507152226334728,0.00507152226334728,0.00621404607840848,0.0662821472933271,0.0813280983063472,0.00671524544488146,0.00507152226334728,0.00507152226334728,0.0204553600266581,0.0182038389836474,0.0160456353628043,0.0272138290293996,0.00458263073869561,0.0205092512040591,0.00461114360115009,0.00654922721562916,0.0131059018888138,0.0142146081387467,0.0653956851989792,0.0172429842303257,0.004485378352072,0.0398003512158225,0.00507152226334728,0.0921629164545224,0.0333303729611112,0.00507152226334728,0.0317214609822315,0.00449250999566489,0.0309217736676748,0.00507152226334728,0.00779757946382904,0.0146033506254197,0.0383354126212099,0.0354487797313991,0.0236018940947102,0.0223231693918554,0.00507152226334728,0.00507152226334728,0.00507152226334728,0.00507152226334728,0.0103614281315853,0.0114352499067833,0.00905890325447144,0.00829764712151497,0.0053842474377787,0.0941929453935119,0.00923640416697231,0.00851985859930388,0.00988894426516798
0.0666678892057938,0.0304729861851721,0.0352845293754979,0.0926992308098901,0.0204164743126943,0.00517602310275027,0.0046558149007379,0.0118296443929351,0.00739536631552696,0.094741070310405,0.00758573540863414,0.0053819112796398,0.00681942205458476,0.0053819112796398,0.0411298573922438,0.0132867588799914,0.0186161659872517,0.0053819112796398,0.0104042219122238,0.00979908092142958,0.00985006144409422,0.00777107166195038,0.0053819112796398,0.0053819112796398,0.0237764773470254,0.0053819112796398,0.0053819112796398,0.042296033510954,0.00899649047168769,0.039547967984459,0.0053819112796398,0.0048450488971352,0.0271311943236805,0.0053819112796398,0.0053819112796398,0.0053819112796398,0.0053819112796398,0.00584482288381197,0.0352684255545421,0.0818013764734626,0.0420535650225331,0.00497316734251822,0.0231393719400108,0.0146477091700073,0.0160375920709246,0.0219545872050821,0.00451147953859071,0.0053819112796398,0.0117259967108395,0.0101961696938984,0.0166862726497122
0.0119958148864446,0.00446321788836805,0.00779781354421909,0.00655609958575469,0.0141500243047066,0.00532193544296152,0.00505067189088915,0.0659839585464536,0.0113461821698392,0.00701739061025686,0.0314110418018678,0.00446321788836805,0.0331337662229121,0.00446321788836805,0.0381575325752921,0.025396109093546,0.0168025405145877,0.00446321788836805,0.0230425258170896,0.016191251498007,0.00535650582809552,0.0290671369124551,0.00446321788836805,0.00446321788836805,0.00698891081675975,0.00451037036922476,0.00446321788836805,0.0317520831520276,0.00854550104948319,0.080939786841001,0.00446321788836805,0.00446321788836805,0.0163776893473769,0.00446321788836805,0.00454215599852566,0.00446321788836805,0.00446321788836805,0.00502844453122372,0.037572177942801,0.00809496774285647,0.00446321788836805,0.00541381629395808,0.0917097062489885,0.093727575655729,0.0651028062111031,0.010728728329492,0.0113813338792584,0.00450494944274648,0.0208518339222404,0.0222882875364064,0.0581387408946344
0.01245841252237,0.0145971279641327,0.0131632346060727,0.0145971279641327,0.0137974050820118,0.0127522552803599,0.0118309394682074,0.239532445921104,0.0131877274800045,0.0145971279641327,0.026230668469866,0.0145971279641327,0.0255602152455165,0.0145971279641327,0.0138047979170704,0.0170130502628932,0.014520089847596,0.0145971279641327,0.0162864391982361,0.0158185269866196,0.0120516415302022,0.0254160799766789,0.0145971279641327,0.0142507302798127,0.0145971279641327,0.0132054332443014,0.0148235549378636,0.0133544809607647,0.0144704912264328,0.0148520991357939,0.0153169140915223,0.0145971279641327,0.0137616628622896,0.0145971279641327,0.0135593362945899,0.0145971279641327,0.0140047362441597,0.0137859466039673,0.014276858734371,0.011406306948624,0.0145971279641327,0.0145971279641327,0.0212819465866738,0.0169250051941745,0.018083514497715,0.0137843668659554,0.0129712485923115,0.0124637103563127,0.0153677942139247,0.0178204194824281,0.0170468493174766
0.0385753058535137,0.0653865016694327,0.0381579080553998,0.0921589710771327,0.0176436923574438,0.00490212881727132,0.00490212881727132,0.00932167424553786,0.0319631402608197,0.0640451374607687,0.00621377969640173,0.00486891722930954,0.00572017310751411,0.00490212881727132,0.029627507065584,0.010067116196483,0.0183824750265514,0.00490212881727132,0.00813717127771862,0.00765945529851776,0.00664459933274769,0.00623016503364451,0.00473831068478397,0.00490212881727132,0.0376564468593774,0.00490212881727132,0.00490212881727132,0.0338186855232503,0.0065741443523089,0.0250886418325386,0.00490212881727132,0.0801608076411895,0.0229468349081534,0.00490212881727132,0.00490212881727132,0.00490212881727132,0.00490212881727132,0.00507327204515992,0.00470559301106339,0.0305463359283169,0.0988174532323311,0.0220730173896725,0.0119693749022131,0.0128329230407656,0.00862827874359239,0.0185692043509525,0.0156856296170481,0.00490212881727132,0.00855320283574107,0.0130034784465841,0.014026999785909
0.0407890644589108,0.0803178050094778,0.0405667731865572,0.0997908800253379,0.0189757642829949,0.00533718833771605,0.00533718833771605,0.0108777760725757,0.0340638028319683,0.0697139211353276,0.00714996842509639,0.00520419501149562,0.00650435576526029,0.00533718833771605,0.0316690791014451,0.0120267650445492,0.0211290219310716,0.00533718833771605,0.00956844912865843,0.0090228310188511,0.00863929728791718,0.00726418631583036,0.00484915984625198,0.00533718833771605,0.0397147415282536,0.00533718833771605,0.00533718833771605,0.0363462564731879,0.00811530245157228,0.0270245963980835,0.00533718833771605,0.00475930399705478,0.0248991916531905,0.00533718833771605,0.00533718833771605,0.00533718833771605,0.00533718833771605,0.00567547637512509,0.00475229665592029,0.0323369814041736,0.0655218931723723,0.0579927806544703,0.0135908562392549,0.0147489091397599,0.00964763437333651,0.0201844319247797,0.00475194666787324,0.00533718833771605,0.0105048095103921,0.0151947569130608,0.0167312901982526
0.014700046952536,0.0190316989398928,0.0141375576592382,0.0169859155027067,0.0143041918366794,0.015837139288084,0.015837139288084,0.0139249589120061,0.0141221876806326,0.0158707079725807,0.0148541353603545,0.0160768891438823,0.0151338174986228,0.015837139288084,0.0138952054635906,0.0130733523454842,0.0127378252183113,0.015837139288084,0.0140041645837816,0.0140794294436136,0.0123259694724925,0.01461594489012,0.016605337263691,0.015837139288084,0.0144627487779709,0.015837139288084,0.015837139288084,0.0128309657242174,0.0134312547610231,0.0134184238774431,0.015837139288084,0.0191481321333767,0.0129368966263562,0.015837139288084,0.015837139288084,0.015837139288084,0.015837139288084,0.0154578392947038,0.0167571948118654,0.0167571360195166,0.252020888285785,0.0152948146991549,0.0142749592643109,0.0137151691249616,0.0151152207630821,0.0133881954391559,0.0167572216985628,0.015837139288084,0.0128008434237328,0.0130689537091964,0.0120009946802755
0.0210898666213704,0.037298879704177,0.0208555435955066,0.0388244782516553,0.0149053444889867,0.0123006336462176,0.0123006336462176,0.0120678399684774,0.019007691646858,0.0296899790438071,0.0119001075022963,0.0124821651514406,0.0119788472664033,0.0123006336462176,0.0181391152866937,0.011606536369421,0.0137707644486841,0.0123006336462176,0.0117846065914112,0.0117049334360613,0.0100094277810062,0.0117148989631009,0.0128655027025847,0.0123006336462176,0.0129774322972421,0.0123006336462176,0.0123006336462176,0.0185542577463706,0.0108704902692673,0.0164234713561461,0.0123006336462176,0.049412804886832,0.0154145425181434,0.0123006336462176,0.0123006336462176,0.0123006336462176,0.0123006336462176,0.0120481242161619,0.0129770725644076,0.0209868887767545,0.21019798340113,0.0260008894988437,0.0131213639618414,0.012927378209376,0.0128145044469763,0.0144678530200707,0.0138827608883542,0.0123006336462176,0.0109464083119534,0.0124617829364595,0.0119092244728988
0.0367592852025313,0.0629374265631325,0.0362911202435763,0.0866783807059784,0.017254712974566,0.00556606787753787,0.00556606787753787,0.00947975787478196,0.0305362948268837,0.0604708532272598,0.00668656579796798,0.00555890992145953,0.00625598455866255,0.00556606787753787,0.0283452609601951,0.0100876403024088,0.0177733210857643,0.00556606787753787,0.00838805227574468,0.00795203909491596,0.00683686696704713,0.00667825859393399,0.00548984798766467,0.00556606787753787,0.0359465621947587,0.00556606787753787,0.00556606787753787,0.0321354310820054,0.0068805936149251,0.0240839653431675,0.00556606787753787,0.076928235518759,0.0220484643876274,0.00556606787753787,0.00556606787753787,0.00556606787753787,0.00556606787753787,0.00568748406598437,0.00547447123052461,0.0293093310005219,0.114963895841017,0.0215445059427105,0.0119720665536975,0.0127183937794203,0.00895362418558255,0.0180261761601167,0.0153814329236569,0.00556606787753787,0.00865543096790384,0.0128129111984349,0.013657562436719
0.00482519181131773,0.00482519181131773,0.00482519181131773,0.00482519181131773,0.00568384037863811,0.0919336757258966,0.0939586462993062,0.00607791308673598,0.00482519181131773,0.00482519181131773,0.0129020956197934,0.0327341817910374,0.00853544765334356,0.0383598003337005,0.00453292720286099,0.0187763208145875,0.00758053805667677,0.0393255575034886,0.0158145380153161,0.0186153991758067,0.0661173954935986,0.00884110451958654,0.0388428154464169,0.0264254232384117,0.00482519181131773,0.0652331422590654,0.024019332974255,0.00482519181131773,0.0325000107763749,0.00447873617587606,0.0168268048111664,0.00482519181131773,0.00673452510457205,0.00456261931752817,0.0301180815250701,0.00447456770715111,0.0344556638453434,0.0811258554545164,0.00482519181131773,0.00482519181131773,0.00482519181131773,0.00482519181131773,0.0130749248137449,0.0141556266857937,0.0092843387512626,0.0069160043891278,0.00447422125234791,0.0196375669009321,0.0119978355691495,0.0100738213080265,0.00807120647636341
0.00809869349352805,0.00471259717397753,0.0292473278454988,0.0142088719745494,0.0661079523177574,0.00490330069438119,0.00466878165748728,0.0120097629781677,0.0333720747757849,0.0093142486915829,0.0129165218256881,0.00652245022148366,0.0055786654787697,0.00471259717397753,0.0255623778647851,0.0219663661467091,0.0488659106507757,0.00471259717397753,0.0177021652736866,0.0149003551119565,0.00857380025154544,0.00855580191183033,0.00663985064135016,0.00471259717397753,0.0131175611686454,0.00451345476158596,0.00471259717397753,0.0231931895594179,0.00612185060059834,0.0549663857621816,0.00471259717397753,0.00471259717397753,0.0811143646901454,0.00471259717397753,0.00471259717397753,0.00471259717397753,0.00471259717397753,0.00609532023594361,0.00447359070336536,0.00760667882906453,0.00471259717397753,0.0101120865862811,0.0374857191090864,0.0383831780476595,0.0319278211146944,0.091920710461885,0.0939454047706725,0.00471259717397753,0.00462539570504643,0.0378139373861914,0.0316043074385092
0.0254986843286787,0.0165313304334988,0.0662243949743768,0.0410297593525421,0.0341129792448042,0.0050091189574759,0.0050091189574759,0.00999957347181965,0.0812572529744016,0.034190961174166,0.00676506688305417,0.00489114959452152,0.0061351355488183,0.0050091189574759,0.0920826426447961,0.0104467315811181,0.0196189809775483,0.0050091189574759,0.011544899621575,0.00913760803881366,0.00809629476274248,0.00686429115582145,0.00456899688071561,0.0050091189574759,0.0236279325789913,0.0050091189574759,0.0050091189574759,0.0941109050490377,0.0076418980721289,0.0624363222259206,0.0050091189574759,0.0195649235280882,0.0316840394304659,0.0050091189574759,0.0050091189574759,0.0050091189574759,0.0050091189574759,0.00532411916221401,0.00449212955627368,0.0044814716690018,0.0242934898010083,0.0406978793828932,0.0125536962035686,0.013560067458788,0.00889402429628496,0.0364004892564906,0.0279727571416542,0.0050091189574759,0.00859481100906266,0.0138533926276355,0.00570037145949281
0.0166538335455074,0.0136522374025263,0.0419857797120468,0.0185874361545407,0.0225559923619826,0.0116057919773275,0.0116057919773275,0.0107500297186567,0.204381036592171,0.0192146239892052,0.0113749327547608,0.0117642772822986,0.0113976982072782,0.0116057919773275,0.043951885681964,0.0118225087864124,0.0143804568698525,0.0116057919773275,0.0114831950686254,0.011456611622265,0.00973243031391292,0.0112115582546971,0.0120931461768643,0.0116057919773275,0.0285909413602086,0.0116057919773275,0.0116057919773275,0.0438554251779814,0.0104925321532153,0.0195683024454621,0.0116057919773275,0.0136801799332706,0.0225508590950292,0.0116057919773275,0.0116057919773275,0.0116057919773275,0.0116057919773275,0.0113973279164061,0.0329569608034281,0.0147662430136149,0.0155438926720669,0.0121893555204187,0.0127064505399335,0.0125587326183788,0.0122303319764609,0.0203002815812129,0.0217181839874707,0.0116057919773275,0.0113398192716803,0.0121062164511777,0.0121229972817583
0.00522967971703089,0.00522967971703089,0.00522967971703089,0.00522967971703089,0.00654256705421151,0.0334882981521761,0.0397914628882393,0.00710947980324508,0.00522967971703089,0.00522967971703089,0.0181426306430937,0.0275648023874876,0.0172109647139774,0.0384234366083291,0.00461747923201063,0.0138036596735921,0.0046446955177626,0.0236561451282427,0.0150400560300802,0.00967040438807592,0.0371803313037049,0.0217001280394941,0.0192437773593453,0.066434232269767,0.00522967971703089,0.0333196202600325,0.0815146724107111,0.00522967971703089,0.00449566709445495,0.00505879213012901,0.0923743267044262,0.00522967971703089,0.00845225642893414,0.025402393465448,0.0655457381799311,0.0944090089835539,0.0223744892647176,0.00449603463441235,0.00522967971703089,0.00522967971703089,0.00522967971703089,0.00522967971703089,0.0110266449389674,0.0122746872100899,0.00966860170864124,0.00914698641489031,0.00563360602569359,0.00718702497653221,0.0155470713986422,0.00909964056287098,0.0107223496926847
0.00457427672690866,0.00457427672690866,0.00457427672690866,0.00457427672690866,0.0123615316780943,0.0244905411005816,0.0171472861742527,0.0582325829882275,0.00457427672690866,0.00457427672690866,0.066103946153293,0.0057802719212255,0.0381847839164068,0.007141132139254,0.00448979012931018,0.0919154292563203,0.0151397292128295,0.00790050660527776,0.0939400235537705,0.0652198572289174,0.017718773637518,0.081109617272366,0.00577218871429634,0.00531717876921155,0.00457427672690866,0.0223080029344667,0.0059934822442903,0.00457427672690866,0.0317579872507614,0.00760934068532763,0.00595041577020523,0.00457427672690866,0.0132717748677507,0.00456575670074331,0.0122802826708909,0.00470591060606924,0.00849334907548702,0.0114737962474829,0.00457427672690866,0.00457427672690866,0.00457427672690866,0.00457427672690866,0.0375974784907093,0.0314158093226844,0.0290640929742334,0.00878127643239358,0.00943665447398252,0.0179835599453279,0.0222626519373765,0.03314427501391,0.00447333445494145
0.00517056132934509,0.00517056132934509,0.0107522601207049,0.00517056132934509,0.0300293445952515,0.00968321992878422,0.015578912918844,0.004493332957536,0.00712210496122365,0.00517056132934509,0.0342497344332469,0.00725900289512583,0.0172371900870034,0.00555023157959628,0.0123039102187175,0.0223624868948872,0.00918124747770391,0.00501413250505529,0.0384031875832629,0.0393636574389013,0.0138256480382768,0.0318130691519984,0.00643263987220512,0.00460535767266268,0.00517056132934509,0.0172516264618114,0.00517056132934509,0.00968922318847959,0.00468105757984837,0.0204489589868511,0.00517056132934509,0.00517056132934509,0.0274642981977504,0.00517056132934509,0.00823245228327749,0.00517056132934509,0.00886148775319791,0.0150669556934429,0.0091192832584985,0.00517056132934509,0.00517056132934509,0.00517056132934509,0.0663995900655249,0.0814722812128445,0.0923263553384014,0.0191749217101185,0.0253020987053925,0.0110488968531442,0.031110999467644,0.094359992108256,0.0655115525230426
