0,67,57,63,58,97,70,96,74,80,67,51,81,70,61,69,70,54,63,94,69,80,54,56,34,63,68,63,73,71,51,58
1,24,30,28,21,40,52,41,28,27,23,36,22,30,46,25,34,38,28,43,46,28,29,21,34,38,36,46,52,39,32,42
2,11,10,9,11,18,23,18,12,13,14,16,22,13,19,12,16,8,17,22,16,17,13,10,7,21,16,20,13,8,14,13
3,1,2,3,1,1,2,2,1,0,2,1,3,0,1,0,1,1,3,0,2,0,2,1,1,0,3,2,2,0,3,0
4,6,9,10,11,17,10,14,5,4,13,8,6,6,6,12,12,9,10,13,6,3,9,7,12,6,8,5,4,10,11,18
5,33,26,31,40,41,41,22,36,32,36,43,40,35,22,33,26,40,32,43,41,32,38,25,34,34,44,33,21,34,30,32
6,6,4,6,8,3,5,3,4,5,6,6,5,7,7,4,4,7,6,3,5,6,4,4,4,7,6,1,7,3,5,12
7,15,13,14,19,14,9,11,12,17,10,12,19,19,13,13,13,18,17,23,30,13,4,15,14,12,12,9,14,16,13,17
8,5,4,2,3,2,1,3,2,3,0,4,6,1,1,0,1,3,3,4,4,2,8,7,2,3,7,3,6,6,3,4
9,9,9,9,12,7,13,11,12,7,12,8,17,5,7,14,10,13,14,9,16,8,9,6,5,13,5,5,9,6,6,4
10,13,7,4,6,11,9,2,12,3,8,4,6,5,4,7,13,6,11,8,10,1,6,3,5,5,10,1,9,7,6,14
11,0,0,2,0,0,1,0,0,0,0,1,2,1,1,1,1,0,3,2,0,1,3,1,0,5,1,3,1,0,0,0
12,2,0,6,1,5,2,0,2,2,0,0,2,0,1,3,0,1,1,1,1,1,0,2,2,1,3,1,1,2,1,12
13,30,41,26,30,35,39,42,31,19,27,27,45,23,29,32,39,27,33,36,37,39,25,33,33,27,32,47,34,27,30,28
14,39,55,51,59,51,53,51,48,55,72,71,67,69,73,52,65,55,69,65,77,51,62,58,64,51,52,70,40,45,68,48
15,5,6,16,13,9,26,5,9,7,6,20,11,10,5,11,7,7,11,10,12,10,13,12,9,17,15,6,3,4,4,10
16,26,13,15,17,16,16,24,20,25,19,26,24,35,16,29,33,30,25,29,42,23,21,20,23,19,28,38,30,20,29,23
17,3,2,7,6,4,3,4,2,1,4,5,11,6,7,4,4,5,5,7,8,2,3,7,2,9,5,2,6,3,4,4
18,23,38,47,46,31,27,33,29,37,36,32,42,33,31,25,33,59,52,36,38,41,47,40,28,34,36,44,44,37,39,36
19,2,0,0,0,0,0,0,1,0,0,0,1,0,0,0,0,0,1,0,0,0,0,1,1,0,0,0,0,0,0,0
20,9,5,3,4,3,5,5,7,5,3,2,3,2,5,5,3,2,5,4,5,6,3,9,2,3,6,6,7,2,3,2
21,4,5,2,6,9,11,4,4,7,7,5,7,4,3,6,9,9,9,4,9,7,9,6,5,6,5,3,4,3,8,5
22,42,40,52,28,39,38,27,45,47,33,34,42,38,36,50,43,44,35,39,32,34,52,48,33,48,35,38,26,41,38,45
23,14,16,17,13,13,2,2,17,11,13,16,12,4,4,13,13,16,12,14,3,1,11,12,23,15,11,8,2,14,7,14
24,17,3,11,9,16,9,11,11,16,16,16,16,15,10,14,12,10,13,20,14,9,17,6,19,10,11,11,11,14,10,14
25,0,0,2,0,0,1,1,2,0,1,0,0,0,0,0,1,0,1,0,0,0,0,1,0,1,0,3,2,0,2,0
26,0,0,0,0,0,1,0,0,0,0,4,0,1,0,1,3,1,0,1,0,0,1,0,2,0,1,0,1,0,1,0
27,7,3,3,6,12,17,12,5,4,6,3,12,19,3,5,6,3,8,5,8,11,7,4,5,6,20,9,4,5,3,7
28,2,3,0,2,3,2,0,1,1,0,2,2,1,0,0,1,2,1,1,1,8,8,3,1,0,0,3,3,5,0,0
29,4,6,3,4,3,3,5,10,0,7,2,6,2,1,7,3,3,4,6,4,5,5,5,5,2,2,6,3,8,6,7
30,7,15,11,10,8,9,9,8,9,7,4,6,5,5,9,10,8,9,11,15,6,6,7,7,2,6,11,11,12,9,16
31,60,58,57,49,69,54,51,55,49,55,66,67,56,43,51,55,61,54,69,52,39,54,30,53,51,73,57,57,48,40,56
32,18,23,19,26,18,22,19,21,14,19,20,18,17,15,20,18,24,19,21,23,13,21,22,21,13,23,15,17,21,11,32
33,3,12,6,7,16,11,6,6,7,11,8,9,4,3,8,5,7,7,11,9,6,8,13,1,5,8,9,4,6,11,15
34,4,5,3,2,1,5,1,6,4,4,4,4,2,2,7,3,2,1,3,1,0,4,4,3,1,4,2,2,2,3,3
35,10,11,10,8,9,5,6,13,5,12,15,8,6,5,16,2,11,6,11,8,5,6,7,9,10,18,5,6,8,11,12
36,15,13,5,7,14,6,9,6,10,9,10,13,4,7,8,13,9,13,7,4,3,8,10,9,8,9,8,8,12,9,13
37,5,6,5,10,5,3,3,5,7,5,7,8,3,2,4,6,2,8,6,5,2,3,7,3,4,3,8,3,4,7,5
38,1,3,1,0,2,1,0,1,2,1,3,6,1,0,2,1,2,2,3,0,1,0,2,4,2,0,1,1,1,3,3
39,39,29,44,36,30,31,39,30,32,34,38,29,39,44,32,23,29,48,26,24,30,30,31,21,36,29,29,42,32,29,33
40,126,153,153,141,169,215,184,150,166,185,163,240,238,224,204,184,173,206,203,197,218,154,141,179,169,212,193,205,173,181,161
41,5,4,1,2,0,3,1,2,2,3,5,1,4,1,3,4,4,3,5,2,0,2,3,2,5,3,2,0,1,5,4
42,5,4,6,7,4,5,5,8,3,2,4,2,7,4,1,3,6,2,6,5,5,0,2,1,2,1,5,2,1,3,4
43,40,38,37,35,40,33,34,37,49,42,38,44,28,45,35,43,36,45,53,31,27,30,44,43,38,51,26,32,34,35,28
44,6,8,6,9,10,10,4,8,4,13,9,8,7,5,10,10,15,8,14,10,8,8,9,7,8,6,7,5,8,10,10
45,11,7,18,12,11,10,19,17,17,11,14,6,8,12,17,10,19,16,12,17,10,10,16,16,11,14,18,10,10,8,9
46,2,6,5,4,5,5,10,3,4,0,4,2,4,3,3,9,3,6,5,6,1,4,1,1,4,3,7,6,3,8,4
47,11,14,8,7,7,12,7,4,7,8,7,10,13,10,6,13,12,7,7,17,8,10,11,4,11,8,14,11,11,8,7
48,45,30,46,38,33,51,54,37,49,39,35,32,31,43,31,44,35,29,40,36,33,40,35,28,36,36,45,24,50,30,22
49,9,6,4,3,6,5,4,2,3,6,7,3,2,2,7,7,2,0,4,5,0,1,1,3,3,3,5,5,5,2,5
50,4,4,2,5,8,4,3,2,4,3,1,10,9,11,4,2,8,4,1,5,5,3,4,2,5,4,3,1,6,4,4
51,9,10,24,5,27,18,19,16,14,10,15,19,18,31,14,6,24,21,17,40,29,13,15,18,17,21,17,16,9,20,8
52,1,0,0,0,1,0,0,0,0,1,0,0,2,0,0,0,0,0,0,0,0,1,2,0,0,0,0,0,0,0,0
53,5,13,10,12,12,7,8,4,7,7,8,15,8,8,10,4,16,16,12,11,4,8,4,6,5,4,6,8,7,3,4
54,6,9,12,15,14,13,16,7,5,21,11,13,11,16,18,9,9,6,11,15,12,13,10,14,9,10,12,13,13,11,13
55,13,23,23,13,27,24,23,20,17,15,17,25,22,24,22,20,17,30,24,31,17,25,16,16,21,16,24,22,12,17,21
56,16,14,13,10,17,27,17,13,22,15,19,21,16,12,18,8,13,10,16,23,21,8,12,15,12,26,29,17,23,15,21
57,16,25,18,21,31,40,22,20,22,18,25,20,27,13,21,22,28,18,26,30,23,23,33,24,22,21,35,20,24,24,30
58,12,8,15,7,11,13,10,10,12,5,8,10,12,12,9,9,11,13,10,14,10,7,7,5,12,13,12,12,10,9,15
59,2,0,0,1,0,1,0,0,4,1,2,1,1,1,1,0,0,1,1,0,0,1,1,0,3,4,0,0,2,3,3
60,42,58,50,40,44,49,52,41,50,53,55,61,47,40,40,52,50,48,65,55,38,46,54,41,50,49,50,52,52,36,45
61,10,7,8,14,7,10,12,13,11,9,11,7,15,8,11,10,12,12,13,10,11,6,5,10,9,18,7,10,13,11,9
62,9,11,19,13,24,16,15,14,10,19,15,17,12,21,20,15,20,21,18,15,14,16,22,14,20,10,17,20,12,18,12
63,6,4,4,10,8,7,3,4,8,6,4,10,8,9,5,2,6,6,8,7,5,9,6,4,8,8,6,5,5,9,4
64,2,3,2,3,3,1,5,5,2,0,2,3,2,0,1,2,5,5,6,1,0,0,1,3,1,5,3,1,2,2,1
65,55,54,57,60,58,51,34,41,58,42,64,49,47,45,49,53,70,57,53,54,34,53,49,47,43,64,47,40,57,56,52
66,12,16,18,12,22,15,13,15,12,13,14,18,13,11,25,23,16,12,25,21,12,17,17,15,14,9,16,14,14,10,5
67,19,20,18,14,21,18,26,16,15,19,28,23,45,29,27,17,26,30,35,24,33,17,22,18,15,30,24,17,28,20,19
68,13,12,10,11,14,15,13,13,11,9,18,24,14,12,13,7,15,8,20,11,7,15,12,16,9,19,19,5,16,7,11
69,4,1,1,6,4,4,2,3,7,8,2,8,7,4,2,6,6,3,8,5,1,0,4,2,5,5,2,5,1,6,4
70,2,1,0,2,3,4,0,1,1,5,2,2,2,0,2,2,1,2,1,3,3,0,3,4,1,2,0,2,5,1,2
71,18,27,17,16,29,26,28,13,17,16,23,26,33,21,19,12,19,25,20,23,25,17,23,18,8,18,19,16,12,13,19
72,6,4,5,2,5,5,6,5,4,7,7,1,5,5,5,2,5,3,5,4,0,2,3,2,5,3,12,3,4,2,8
73,27,26,20,25,20,27,34,17,33,16,27,33,27,37,25,20,31,29,21,22,34,25,22,28,27,47,30,30,21,24,36
74,58,55,50,62,67,58,62,49,52,49,45,57,59,63,48,63,41,48,41,88,75,59,50,48,51,54,68,61,56,65,63
75,7,3,7,3,9,6,4,4,4,5,7,5,3,6,3,8,4,3,7,6,5,6,5,4,7,7,9,8,8,5,10
76,8,13,11,15,20,13,19,5,6,17,10,9,6,8,14,14,14,11,16,10,7,10,11,15,18,9,5,4,10,16,20
77,14,5,5,8,8,7,3,8,5,5,4,8,3,4,7,6,6,4,6,4,1,5,7,7,4,13,4,10,7,0,5
78,6,6,11,6,9,10,5,6,8,6,11,8,14,9,6,4,6,6,7,12,10,9,8,6,4,10,5,8,5,4,9
79,12,8,12,4,9,12,12,9,9,9,7,12,17,14,12,14,10,8,12,9,19,18,4,7,8,9,7,10,10,15,21
80,39,34,29,29,39,33,27,34,29,27,29,25,41,28,36,21,37,35,30,37,32,32,28,22,27,35,34,42,35,43,30
81,2,2,5,1,2,0,2,1,3,4,6,5,0,2,3,3,0,1,1,1,0,1,0,3,2,3,5,4,3,2,0
82,17,18,16,16,12,16,14,12,7,6,15,11,21,21,9,15,12,14,11,12,12,14,10,14,6,14,20,20,17,17,13
83,11,9,21,3,18,19,12,13,13,10,11,29,12,9,19,7,12,11,4,21,15,4,11,15,20,14,11,14,13,15,20
84,1,1,2,3,0,5,0,1,0,1,5,3,1,0,1,0,1,1,1,0,1,1,2,1,1,4,2,0,0,0,3
85,12,15,18,17,15,10,11,8,8,13,14,23,17,13,10,20,15,20,19,23,7,15,19,9,13,21,13,11,15,9,14
86,33,46,15,16,32,34,35,30,26,25,28,44,18,35,31,28,16,33,37,24,34,23,26,21,29,39,19,23,32,39,32
87,4,10,5,7,4,5,7,3,5,3,9,3,6,2,7,7,5,3,3,4,1,4,4,2,5,7,3,3,4,15,5
88,2,0,3,2,0,0,9,4,0,1,1,0,0,0,2,1,1,1,8,0,0,2,3,0,0,0,2,2,3,0,2
89,7,4,6,13,8,3,6,4,3,6,6,6,6,5,4,6,5,4,9,0,4,6,2,6,7,3,4,2,5,9,3
90,17,9,23,17,28,38,33,16,14,26,19,30,38,18,26,22,21,24,24,28,30,21,12,21,19,28,17,20,20,22,23
91,5,9,8,6,5,7,16,17,3,13,9,11,6,6,9,8,11,8,10,6,10,11,10,7,8,4,12,7,13,8,10
92,3,3,4,2,3,0,2,2,2,3,4,4,3,2,1,2,2,3,4,6,2,3,2,3,2,3,8,5,1,3,5
93,3,3,7,2,2,1,5,2,1,6,0,4,4,3,4,2,9,2,3,4,7,2,4,3,0,4,3,1,2,4,5
94,31,29,31,38,29,35,24,30,21,24,28,29,21,24,28,25,31,24,26,34,17,25,30,34,20,30,24,19,29,13,35
95,6,4,3,3,6,8,3,3,2,3,4,5,6,3,1,3,2,1,6,9,3,3,1,6,2,5,4,2,5,2,4
96,14,28,27,21,27,14,12,14,15,24,19,27,14,11,20,15,21,22,23,15,13,17,22,18,23,34,19,17,19,30,22
97,12,14,15,17,11,12,5,15,14,5,9,16,13,10,13,12,10,13,8,13,6,10,8,7,9,15,16,12,22,12,10
98,11,7,6,10,5,2,2,5,6,9,7,4,2,4,4,4,7,6,6,1,1,2,4,8,3,6,1,4,4,4,6
99,8,6,8,7,12,6,10,8,1,12,12,6,4,7,8,5,18,15,22,13,14,7,8,8,11,18,15,9,16,11,5
100,6,8,7,10,10,10,5,8,4,13,11,8,7,6,11,10,15,9,15,11,9,9,9,8,8,6,7,5,9,10,12
101,8,12,9,12,20,7,12,9,11,3,9,10,8,8,7,15,11,15,11,16,5,10,10,2,8,11,14,11,10,14,11
102,11,14,10,7,7,13,9,5,7,9,9,10,14,11,8,14,12,7,7,20,9,11,11,5,12,9,15,11,12,9,14
103,5,3,5,2,4,3,1,3,3,3,7,6,1,0,4,3,2,3,3,1,3,1,2,3,2,2,2,6,2,6,2
104,6,6,8,4,5,10,8,7,6,7,4,6,14,8,6,9,6,9,8,6,5,10,8,9,12,9,9,3,7,10,6
105,11,19,5,7,16,12,8,6,11,7,10,19,16,17,14,13,15,6,12,16,11,11,8,15,18,10,11,6,15,18,12
106,26,8,8,8,20,20,9,18,17,19,15,19,12,14,10,16,14,18,15,9,16,14,17,20,14,12,9,10,10,10,17
107,5,7,10,8,8,9,6,9,3,1,7,8,5,5,7,6,7,5,5,9,6,2,4,4,6,1,8,3,3,4,6
108,16,20,34,25,25,33,25,25,17,36,28,24,39,37,39,31,25,30,29,30,31,29,17,27,21,35,38,30,32,30,47
109,3,0,2,1,4,3,3,1,4,0,1,5,2,3,4,0,2,0,0,2,1,3,2,3,2,5,4,3,3,1,2
110,4,6,4,8,3,3,1,3,7,3,9,4,1,1,3,4,2,4,3,3,1,11,11,3,4,2,3,1,5,3,7
111,11,7,7,6,5,12,9,10,9,12,13,9,7,5,2,5,14,10,12,6,7,4,5,7,5,4,10,12,3,5,4
112,12,11,10,17,14,13,16,20,12,15,14,16,18,13,14,14,13,14,18,15,21,8,7,13,13,24,15,14,16,17,12
113,1,1,0,0,2,1,0,0,0,0,1,0,0,0,0,0,0,1,1,2,2,1,1,1,0,2,0,0,0,0,1
114,0,0,0,0,0,0,4,0,1,0,0,0,0,1,1,0,2,0,0,0,4,0,1,0,0,0,0,3,0,1,0
115,26,32,34,29,26,32,19,25,27,18,23,27,22,17,21,31,34,23,38,30,21,19,28,25,35,34,24,13,26,41,28
116,7,9,8,9,7,16,12,8,15,1,8,10,10,4,7,9,9,10,22,6,9,6,10,10,7,16,11,8,16,9,8
117,20,17,20,14,31,21,14,17,14,16,17,23,15,14,28,25,21,13,29,29,12,20,20,18,16,12,19,15,19,12,11
118,2,2,1,0,1,0,0,0,1,3,3,3,0,0,0,0,2,1,1,0,0,1,2,0,0,6,1,1,4,1,2
119,55,58,78,59,79,75,85,93,64,64,70,86,75,103,76,69,56,72,69,77,109,69,65,58,75,66,84,87,73,69,71
120,62,53,52,63,84,85,61,68,57,80,70,97,89,85,67,61,68,85,94,84,83,68,57,55,74,61,83,79,66,51,67
121,19,19,16,16,21,18,16,16,12,16,24,33,16,14,18,7,19,12,23,18,10,16,14,18,11,25,29,9,19,8,17
122,14,7,7,10,16,6,6,14,12,15,7,15,12,10,11,13,8,10,14,9,7,6,10,14,8,14,7,11,3,14,9
123,16,12,12,11,9,17,6,11,4,12,12,10,7,6,11,7,12,14,13,15,9,12,13,10,11,7,13,10,10,6,8
124,15,13,18,16,28,20,17,18,16,14,10,20,11,19,9,23,19,13,27,20,18,12,13,9,20,20,21,11,15,18,16
125,11,3,6,4,8,7,5,3,3,4,7,6,9,12,4,6,2,5,9,5,4,6,2,1,6,8,6,5,5,5,6
126,11,6,10,9,12,5,13,8,14,14,1,13,10,9,2,9,7,15,8,17,4,12,16,9,6,8,22,12,9,18,8
127,4,2,1,3,2,3,0,1,1,1,0,1,0,2,0,5,0,1,5,1,0,0,3,0,0,0,2,2,2,3,1
128,5,7,3,2,7,3,3,1,2,3,2,5,1,1,2,7,7,3,3,4,0,1,4,1,2,2,0,1,1,6,3
129,19,15,11,18,13,21,11,15,10,16,13,23,20,15,20,22,20,12,24,23,13,17,16,14,16,26,14,23,20,10,16
130,42,56,48,42,45,31,40,43,48,40,38,33,45,26,29,38,34,44,35,26,20,28,36,53,45,45,34,21,45,39,47
131,7,9,11,4,7,2,13,4,6,15,14,7,9,10,8,9,16,5,10,12,12,4,9,7,6,11,5,6,7,8,12
132,15,13,25,15,20,28,18,26,17,22,16,21,24,18,17,18,21,26,24,29,24,18,23,28,32,16,21,17,19,24,25
133,0,2,0,2,1,2,1,1,2,2,0,2,3,0,5,1,2,3,2,6,1,3,0,3,1,1,2,2,1,1,0
134,34,28,29,43,49,35,46,41,40,40,39,30,39,44,48,33,19,41,37,32,40,38,41,41,38,33,37,58,28,29,37
135,30,35,33,32,34,41,33,23,31,29,36,40,43,31,32,18,43,40,44,30,31,41,23,22,27,47,28,36,31,26,36
136,0,0,0,0,0,0,1,0,0,0,0,0,0,0,0,0,0,0,1,0,0,0,0,0,1,0,1,0,0,0,15
137,0,0,0,0,0,0,0,0,0,0,0,0,0,0,0,0,0,0,0,0,0,0,0,0,0,0,0,0,0,0,1
138,8,10,9,6,14,13,13,20,14,19,17,17,15,15,16,11,18,16,16,16,15,13,10,11,6,11,18,7,6,21,9
139,11,13,9,9,14,10,18,5,9,6,12,13,9,11,14,6,10,10,12,14,22,11,10,17,12,16,9,13,8,9,10
140,37,25,29,32,29,43,26,37,40,41,33,33,29,20,28,31,29,29,34,38,26,32,23,27,28,29,38,22,33,28,48
141,14,7,16,16,6,13,10,16,9,10,9,8,12,10,17,15,22,15,15,16,12,15,16,13,9,19,13,15,14,18,11
142,23,31,35,37,45,37,43,37,37,47,42,44,41,32,38,46,47,42,46,44,45,51,37,39,36,44,35,36,40,48,37
143,14,9,10,18,19,14,18,7,21,16,16,15,14,14,17,10,11,18,14,14,14,15,10,19,10,17,8,13,10,13,10
144,47,33,50,28,52,37,49,37,40,28,46,41,45,44,49,42,48,37,34,40,48,43,36,33,48,29,50,48,23,49,37
145,5,7,10,6,10,6,6,6,5,7,9,10,4,3,4,8,12,12,12,6,5,8,10,8,7,19,7,7,5,5,5
146,21,25,18,27,22,10,20,30,24,20,29,19,12,8,27,23,18,28,18,15,9,21,18,19,20,17,9,15,23,32,22
147,2,3,3,5,7,5,2,3,3,3,3,8,6,2,5,1,3,1,1,3,0,1,1,1,1,4,3,1,7,1,8
148,10,3,8,6,5,1,4,6,6,4,4,3,2,0,7,11,3,4,5,9,5,0,2,4,2,7,2,2,14,5,12
149,9,4,8,4,6,5,1,7,3,6,4,3,0,0,8,2,4,7,4,4,2,3,6,4,3,6,2,2,5,4,5
150,13,2,5,9,6,11,7,3,5,5,6,11,5,5,4,8,4,5,6,6,3,4,9,4,4,7,4,5,3,6,7
151,7,6,8,8,7,7,3,5,4,7,3,3,7,4,6,9,3,6,5,6,5,3,6,6,8,5,4,5,4,2,6
152,4,3,1,2,2,2,0,2,3,3,0,3,0,0,1,2,2,0,0,0,0,1,2,0,4,0,1,0,3,2,4
153,0,1,1,1,2,0,1,2,1,1,0,1,0,0,2,7,0,1,1,1,3,2,1,2,0,2,1,1,2,3,2
154,2,1,1,0,7,2,4,3,4,2,5,1,3,6,5,3,1,4,3,5,0,3,3,4,4,2,4,2,7,6,5
155,9,11,11,11,12,8,3,7,8,6,8,5,10,8,5,8,11,9,15,13,14,13,15,6,2,3,11,4,7,11,10
156,42,31,45,36,48,42,49,37,38,45,52,38,24,58,43,34,35,39,42,33,46,34,27,31,23,34,35,34,32,47,29
157,7,2,6,5,5,6,5,6,8,12,6,4,3,1,3,2,6,8,1,4,4,2,4,7,3,3,3,2,5,3,7
158,1,0,3,3,6,7,4,5,4,2,4,4,3,0,4,5,1,3,4,7,9,2,2,0,5,3,5,2,7,6,3
159,11,17,8,15,12,20,7,13,15,10,16,21,15,9,15,7,12,23,14,17,11,17,19,18,18,13,16,15,20,24,22
160,1,5,10,8,5,5,3,9,5,7,4,14,4,7,11,11,4,2,9,1,1,3,9,8,6,1,4,3,10,2,4
161,0,1,1,1,1,0,1,1,1,5,1,0,0,1,1,1,0,0,4,1,4,0,3,2,2,1,3,0,0,2,1
162,6,9,11,8,12,12,7,4,8,5,12,13,16,9,8,6,14,7,12,8,12,9,10,11,11,11,10,11,9,5,9
163,3,7,4,5,4,5,1,6,8,9,10,8,6,7,6,6,9,6,8,2,1,4,10,9,14,8,7,3,4,4,10
164,4,3,3,3,3,3,5,2,2,5,5,2,4,0,2,2,2,3,6,2,2,5,2,5,3,3,1,6,3,1,11
165,11,6,5,7,11,11,10,18,7,10,4,9,17,11,11,8,8,8,10,16,10,7,5,10,7,8,9,8,11,11,8
166,12,15,5,9,10,10,6,5,6,11,13,9,8,11,9,11,7,11,16,6,7,10,6,12,10,11,6,5,13,6,12
167,12,15,10,16,18,6,8,12,7,12,8,11,14,8,11,8,14,11,20,10,11,7,4,10,9,13,19,9,13,15,11
168,5,6,9,12,5,7,1,6,15,12,5,11,3,4,8,13,7,7,9,6,7,16,5,7,15,10,11,4,11,9,10
169,9,4,9,6,13,4,4,7,12,14,6,6,8,1,4,4,10,7,7,6,9,11,12,7,7,9,12,2,8,8,16
170,5,3,6,5,4,2,0,3,4,5,3,1,2,0,4,3,4,5,6,1,0,5,6,4,2,5,3,0,3,5,5
171,13,14,11,9,12,9,18,11,8,13,9,15,18,9,11,10,9,17,17,11,17,13,10,5,12,13,25,14,14,12,15
172,7,7,7,6,9,9,2,8,11,6,6,4,14,3,6,7,11,4,5,10,1,3,3,1,9,8,11,10,5,15,5
173,4,19,16,19,24,12,20,20,18,18,13,20,14,32,13,10,22,16,16,19,17,16,13,10,9,9,12,13,11,12,17
174,3,10,8,4,6,9,6,2,9,7,7,4,6,6,1,5,5,10,6,10,9,14,8,4,6,9,14,10,5,4,7
175,6,2,8,4,4,4,3,3,3,3,2,1,8,3,0,6,1,5,4,4,5,2,2,5,9,5,4,4,8,9,5
176,14,17,11,8,14,18,7,14,13,14,11,27,10,6,15,11,12,9,12,13,12,13,10,6,12,7,14,8,6,9,7
177,14,9,10,19,20,14,18,7,21,16,16,15,14,14,17,10,11,18,14,14,14,15,10,19,10,17,8,13,10,13,12
178,2,5,3,3,4,8,3,3,5,7,4,5,5,2,3,6,7,5,3,13,3,7,10,4,8,5,5,2,3,5,4
179,10,11,6,9,9,0,0,10,11,9,10,11,2,1,13,13,7,9,7,1,2,9,8,7,10,7,2,0,11,9,8
180,14,14,13,18,10,8,9,16,17,15,18,17,15,14,24,15,13,19,10,12,9,18,14,21,13,14,11,11,12,17,21
181,16,12,17,17,19,15,10,15,22,14,16,14,12,12,15,22,10,13,17,15,13,8,13,18,20,14,15,8,16,13,10
182,7,8,6,6,16,7,7,6,9,6,9,13,14,9,4,8,8,8,12,9,7,10,10,11,9,14,5,14,10,6,15
183,6,11,18,18,18,11,5,13,13,13,21,19,14,7,12,17,18,9,18,7,11,13,8,18,14,10,11,11,13,14,16
184,23,13,14,10,27,17,5,11,19,10,17,14,11,15,25,15,20,19,18,16,10,19,14,16,10,10,19,10,15,22,22
185,3,1,8,3,3,0,2,0,2,3,3,2,4,2,3,2,3,8,3,3,3,3,5,3,8,4,6,1,5,6,2
186,0,0,1,4,2,1,1,1,3,0,5,0,0,2,1,2,2,2,1,3,2,2,2,2,1,3,1,1,2,0,1
187,10,4,14,13,11,16,26,16,7,10,20,22,14,20,7,11,8,22,21,14,16,11,13,9,8,12,19,24,14,10,16
188,14,25,9,20,19,23,13,17,20,13,18,28,21,19,18,9,20,27,22,23,16,19,25,22,23,20,21,21,25,31,29
189,3,5,6,7,11,7,8,8,7,11,11,7,0,9,6,5,8,3,14,16,15,10,7,5,11,14,8,5,7,10,8
190,5,4,4,6,7,3,6,3,3,7,3,8,4,4,0,4,4,5,6,2,3,7,3,6,4,4,2,1,2,8,0
191,20,19,12,13,18,15,7,11,11,21,25,17,11,17,13,14,17,14,19,17,12,17,13,20,18,15,10,10,22,11,19
192,35,29,25,34,43,31,21,31,24,40,25,24,29,26,32,25,34,32,35,28,26,21,17,27,20,29,38,17,39,25,32
193,17,19,17,21,19,25,24,15,17,17,6,28,17,16,24,19,25,11,30,27,21,20,22,14,13,23,23,13,8,18,11
194,6,7,11,12,7,7,3,9,18,14,5,14,6,5,10,17,9,11,15,8,8,17,6,8,16,11,14,5,12,12,11
195,10,7,12,9,17,10,5,9,13,16,8,8,11,1,4,8,12,7,9,9,9,12,13,7,9,11,13,4,8,8,18
196,2,6,2,4,13,1,8,3,5,3,6,12,7,8,4,3,8,4,7,11,5,6,3,4,7,3,7,9,5,6,4
197,10,29,20,24,31,16,25,25,24,23,14,25,19,39,20,14,26,18,23,25,22,20,14,15,12,14,16,17,13,18,31
198,7,5,6,5,8,8,6,7,4,3,9,10,5,8,7,5,10,10,7,7,6,8,4,3,2,5,11,5,4,6,7
199,0,0,2,4,1,2,0,1,0,2,4,2,0,1,0,1,2,2,3,1,2,0,0,1,0,4,2,1,5,1,1
200,21,25,28,25,34,29,39,18,38,17,23,26,49,38,27,21,20,32,15,31,28,28,22,20,26,17,35,31,12,26,20
201,15,13,8,12,12,14,19,13,11,12,13,14,23,12,20,10,14,8,13,12,12,9,10,8,8,14,17,16,15,12,19
202,0,1,1,2,1,0,2,1,1,1,1,1,4,0,2,0,2,2,1,0,0,1,0,0,0,0,0,0,0,0,3
203,1,1,0,1,2,4,3,3,1,2,1,1,2,2,0,4,0,1,1,1,2,1,0,2,4,3,0,1,1,2,3
204,0,0,0,0,0,0,0,0,0,0,0,0,0,0,0,0,0,0,0,0,0,0,0,0,0,0,0,0,0,0,1
205,0,0,0,1,0,1,0,0,2,0,0,0,0,0,0,0,0,0,0,0,0,0,0,0,0,0,0,0,0,0,0
206,6,12,13,8,16,17,5,10,12,12,8,13,9,7,12,7,14,15,14,11,10,13,8,14,6,16,7,7,12,6,13
207,9,4,2,1,10,7,2,6,4,12,0,6,3,6,2,3,8,8,3,6,2,3,3,5,10,1,4,5,3,3,9
208,6,6,6,7,11,20,8,18,6,7,2,10,13,7,9,6,12,5,8,5,8,6,5,5,8,4,6,4,12,3,6
209,2,2,1,2,10,2,3,0,4,0,2,5,6,2,0,3,2,2,10,3,3,7,2,3,0,4,1,2,1,6,2
210,6,9,3,3,9,13,7,7,1,1,9,7,18,9,9,4,5,7,14,11,7,10,4,6,8,9,9,11,5,10,11
211,1,1,4,7,7,8,4,1,6,9,4,4,5,6,6,3,11,5,10,5,3,8,6,5,4,3,2,6,4,4,11
212,2,0,1,0,1,2,0,1,1,1,2,1,1,1,2,1,3,2,2,1,0,3,2,1,0,0,1,0,2,2,0
213,13,12,13,13,12,8,2,17,5,9,10,13,6,10,10,14,13,8,7,8,10,6,9,9,5,9,6,8,11,13,15
214,10,7,4,18,7,8,6,5,7,6,4,4,7,3,4,6,7,9,10,7,6,6,5,6,6,4,5,6,4,9,11
215,7,9,6,8,7,16,6,3,8,9,6,4,3,0,7,1,6,8,7,7,2,1,2,5,3,8,3,3,2,4,1
216,0,0,0,1,0,0,0,2,0,1,2,1,0,0,0,2,0,2,1,0,0,1,1,0,0,0,0,0,0,3,0
217,4,3,11,2,3,1,3,2,0,3,2,2,3,4,1,7,3,4,4,5,2,1,3,3,4,3,3,0,4,3,3
218,6,4,7,3,11,9,7,10,6,9,8,8,10,11,5,8,9,8,7,13,7,8,4,6,8,5,6,9,10,9,8
219,3,7,4,5,6,3,1,4,6,5,5,6,0,3,1,4,6,4,4,4,2,4,7,7,1,5,3,4,6,5,7
220,12,11,12,15,15,25,20,16,23,13,14,12,22,9,16,13,14,10,15,11,15,10,10,15,8,12,8,27,17,15,13
221,7,11,13,10,13,6,10,10,15,9,8,7,10,5,2,8,14,9,10,16,8,7,7,9,11,12,11,11,7,9,10
222,20,10,15,12,20,10,16,13,16,18,12,15,12,23,14,13,11,14,8,23,18,16,17,12,30,24,14,14,15,12,11
223,5,3,3,4,3,5,2,3,3,2,3,4,5,1,2,6,3,2,7,3,10,2,6,3,8,8,8,3,1,2,5
224,0,1,0,3,2,0,0,1,0,0,0,4,4,1,0,1,0,0,0,0,2,0,0,1,0,3,2,0,0,0,0
225,6,2,7,8,2,4,1,3,1,0,1,1,3,3,7,1,3,3,6,2,0,1,0,2,1,6,2,4,3,2,2
226,10,13,13,7,16,16,13,15,11,11,8,19,17,9,16,7,13,16,16,20,11,12,9,9,15,13,13,14,9,18,14
227,9,19,11,20,45,22,27,21,18,17,18,35,22,28,15,20,22,29,35,24,21,18,27,17,18,31,12,12,16,20,15
228,11,10,10,12,16,10,15,12,6,9,5,12,10,4,10,14,17,16,15,7,7,15,14,17,10,10,11,9,9,11,9
229,3,1,1,4,2,0,3,3,2,4,4,3,2,2,7,1,1,4,4,0,2,3,0,0,0,2,2,2,3,1,1
230,14,16,16,15,14,8,2,18,7,9,12,14,6,10,12,14,14,8,9,8,11,8,12,10,6,10,6,13,11,15,15
231,12,12,11,23,10,13,10,6,12,10,8,11,9,5,7,9,13,12,16,17,8,7,6,8,12,7,8,7,7,10,15
232,6,10,8,8,12,11,12,17,8,6,14,14,11,1,10,17,10,14,14,10,5,9,9,4,6,7,6,6,5,14,5
233,18,14,20,8,11,7,9,8,8,7,9,8,7,8,10,16,20,11,11,18,6,14,10,11,16,7,9,2,10,9,7
234,10,11,12,7,16,12,17,16,8,13,14,13,16,22,14,14,14,13,14,20,13,10,10,10,11,11,12,12,18,10,15
235,48,58,57,51,68,66,48,35,52,48,60,67,48,49,42,46,56,69,90,75,59,40,51,45,46,61,64,69,59,36,62
236,1,5,1,3,3,5,2,1,1,4,4,8,0,1,0,2,6,0,4,3,2,1,2,4,3,6,3,2,1,2,1
237,5,3,3,4,4,5,2,3,4,2,4,4,6,1,2,6,3,4,9,5,11,2,7,3,8,9,8,3,1,2,6
238,9,20,17,11,24,23,11,13,12,14,7,18,18,18,7,13,15,12,7,22,10,8,18,10,11,10,12,8,13,16,20
239,4,3,3,3,5,2,5,5,5,7,7,2,2,1,5,2,5,2,4,3,0,5,4,4,2,3,2,1,10,2,5
240,9,7,5,3,5,5,5,5,10,3,9,3,3,4,8,6,4,5,6,3,3,6,3,1,5,5,5,4,6,5,8
241,21,11,18,13,23,13,18,14,18,20,14,17,13,25,17,18,12,16,10,26,18,18,18,13,32,29,16,17,17,14,15
242,2,6,5,7,3,5,5,6,3,9,13,3,8,12,7,10,11,18,17,12,15,17,24,19,22,13,8,15,6,5,5
243,4,2,1,2,2,1,4,5,3,3,2,2,7,1,2,1,5,1,5,4,1,2,1,2,3,3,1,1,7,2,4
244,0,0,2,0,2,1,1,1,0,0,0,0,0,0,0,1,0,1,0,1,1,0,0,0,2,0,1,1,0,1,1
245,1,1,1,3,4,3,1,1,3,3,0,0,4,3,3,1,2,3,4,5,0,2,0,3,0,2,0,1,0,3,4
246,0,2,0,1,0,0,0,0,0,0,0,0,0,0,0,0,0,0,0,0,0,1,0,0,0,0,0,2,0,1,0
247,3,5,2,1,2,3,1,1,4,4,2,1,2,2,3,5,4,2,4,3,2,2,2,1,2,3,3,1,3,3,1
248,1,0,0,0,1,0,0,1,1,1,0,1,0,0,0,0,0,0,0,1,0,0,0,0,0,0,0,0,1,0,0
249,4,4,6,6,6,1,4,6,11,2,4,7,6,6,8,4,5,8,7,6,4,4,6,2,7,8,7,2,2,3,5
250,6,6,12,10,15,8,5,7,7,8,15,9,4,3,11,8,8,11,13,10,7,15,5,5,14,7,8,9,18,8,12
251,6,15,5,2,3,4,4,6,6,11,4,8,5,3,7,14,7,5,7,5,6,6,1,8,6,9,5,3,8,11,6
252,2,0,0,4,5,2,1,3,0,0,4,1,2,1,2,2,4,1,4,3,3,1,2,1,7,4,0,2,2,2,7
253,10,9,5,9,14,4,2,4,8,12,7,11,16,3,13,8,6,11,17,19,4,7,7,5,7,5,10,2,10,10,4
254,3,0,0,1,1,5,5,2,0,1,1,0,1,2,2,1,2,2,0,0,3,0,1,0,0,0,1,2,0,0,1
255,15,16,6,9,13,6,10,14,8,12,11,6,12,3,12,8,12,11,8,9,9,9,15,9,9,7,11,6,20,13,7
256,35,22,29,27,41,32,35,37,38,27,29,43,28,35,41,24,36,23,32,32,40,35,31,28,32,39,31,32,42,42,35
257,9,3,6,5,3,2,2,7,6,5,5,6,1,3,4,6,5,5,8,5,7,8,4,3,11,6,1,0,6,3,6
258,6,9,3,5,5,9,4,1,9,5,3,3,5,4,4,7,7,4,7,5,3,6,6,4,6,5,8,1,6,5,4
259,3,7,3,3,5,3,0,4,8,1,8,3,2,2,2,4,6,6,6,2,3,1,4,2,7,4,5,3,1,3,2
260,7,7,12,10,15,8,5,8,8,8,15,9,6,5,11,9,10,12,14,11,7,15,6,6,14,7,8,11,19,9,17
261,6,15,6,2,3,4,4,6,6,11,4,8,5,3,8,15,7,5,7,5,6,6,1,9,7,9,6,3,8,11,8
262,47,27,34,27,35,46,28,40,36,42,32,46,36,28,58,35,38,28,41,47,23,46,29,28,28,29,34,30,38,38,34
263,1,0,0,0,1,3,1,0,0,2,0,0,2,0,0,0,0,1,0,0,0,0,1,0,0,0,1,2,0,1,2
264,18,15,15,14,11,20,15,12,13,11,15,19,11,12,12,17,14,20,11,13,20,14,17,15,18,16,17,16,24,20,13
265,1,1,3,0,1,2,3,1,2,3,1,2,1,2,1,1,2,2,2,5,2,0,4,2,0,2,1,2,1,0,4
266,10,15,12,8,21,19,13,17,22,16,15,22,11,21,14,14,16,14,12,22,8,12,10,14,13,10,11,21,22,13,18
267,4,5,1,5,4,3,4,2,4,5,5,4,6,0,1,7,5,2,2,4,1,2,2,3,3,3,2,7,2,6,0
268,5,3,3,4,5,8,1,7,10,4,5,10,6,0,5,6,4,9,8,9,0,3,8,5,5,5,9,0,7,8,3
269,1,1,1,0,1,1,1,0,0,1,2,3,0,4,1,2,3,2,1,1,1,2,1,2,1,2,1,1,1,3,2
270,11,11,10,6,12,14,14,6,5,7,9,16,5,6,11,7,7,7,11,9,5,8,10,7,10,11,15,17,4,8,9
271,6,4,2,3,4,2,0,5,3,6,2,0,1,2,5,3,3,5,0,6,2,5,4,4,6,3,3,0,6,6,3
272,14,15,8,9,8,9,7,6,6,4,7,15,19,9,17,16,16,11,16,18,16,14,11,15,10,19,11,9,18,12,12
273,1,1,2,4,1,5,3,0,1,3,3,0,3,2,0,2,1,2,1,1,3,0,2,0,3,3,4,1,2,3,1
274,1,1,1,0,2,1,0,2,0,4,2,2,0,0,3,0,1,4,2,1,0,1,1,1,1,2,2,0,1,0,2
275,3,6,2,1,1,0,0,1,4,3,3,3,2,1,3,5,4,1,3,0,2,4,0,8,1,0,3,3,2,6,3
276,4,7,2,4,4,5,4,3,5,5,1,4,1,1,4,5,5,4,5,4,3,5,6,8,3,4,11,1,1,6,4
277,14,24,19,15,36,30,21,27,31,28,21,33,23,23,20,24,19,26,19,27,10,17,20,21,15,17,18,27,30,21,23
278,8,11,8,7,10,10,8,8,15,12,12,12,9,13,10,6,9,10,11,11,9,13,10,15,9,7,9,5,12,15,13
279,1,0,1,0,1,0,0,0,1,2,0,0,0,0,1,0,0,0,1,1,1,1,2,0,1,1,0,0,1,1,1
280,4,8,5,5,8,4,3,4,4,3,2,6,8,5,4,8,11,5,5,10,6,8,7,7,8,13,1,2,4,9,2
281,2,6,5,3,3,4,1,0,3,1,5,4,3,0,4,2,1,3,3,5,1,8,2,3,7,5,2,3,2,4,4
282,0,2,1,1,0,1,0,1,1,0,0,0,3,0,1,1,1,0,3,1,1,0,0,0,3,3,0,2,0,1,0
283,5,1,1,3,3,1,1,1,2,3,4,2,0,0,2,3,3,3,2,1,1,0,1,1,5,2,0,0,3,4,3
284,8,2,4,3,2,3,2,5,1,4,3,1,4,0,2,3,1,1,1,1,2,4,3,1,1,2,1,0,0,1,2
285,1,2,4,0,2,3,2,5,3,2,5,1,1,1,7,3,6,1,4,1,7,1,0,2,3,4,0,1,4,3,4
286,4,8,14,19,12,14,20,13,6,21,21,25,19,11,12,10,17,8,8,19,17,10,4,21,14,15,13,18,9,7,16
287,4,5,6,9,5,6,6,1,2,3,3,8,3,5,9,4,6,3,9,5,6,5,6,2,5,2,7,2,4,2,4
288,11,12,11,12,13,16,10,9,8,13,12,8,14,13,13,13,12,9,18,5,12,9,9,5,13,7,8,4,11,7,12
289,16,16,13,4,16,15,19,11,13,8,15,12,15,18,17,14,13,14,18,18,19,11,10,17,10,20,18,15,11,18,13
290,11,13,15,12,12,17,7,11,17,12,8,14,13,9,20,8,12,9,22,20,19,16,10,8,14,9,17,9,14,15,13
291,10,28,20,16,17,11,12,17,20,7,18,17,11,22,20,14,8,15,15,15,9,17,18,15,16,20,20,11,8,15,21
292,5,4,8,5,5,7,8,2,0,6,8,4,5,4,5,3,7,7,8,9,12,3,3,5,5,6,7,10,6,2,8
293,6,18,14,14,15,14,7,10,12,12,13,17,9,16,5,13,13,12,10,16,9,15,10,16,12,13,20,6,11,15,5
294,0,0,0,3,2,0,1,1,0,3,1,0,1,0,2,0,1,2,1,2,5,0,1,1,0,0,1,3,0,0,2
295,0,0,1,0,1,1,0,0,0,0,1,0,1,0,0,1,2,2,0,1,1,0,0,0,1,0,0,0,1,0,0
296,4,2,3,6,4,1,6,5,5,2,5,4,5,5,5,3,7,3,5,6,2,5,8,1,5,2,6,2,5,5,3
297,1,1,1,0,1,1,0,1,1,0,1,0,1,0,1,2,0,0,0,1,0,1,1,0,0,0,1,0,1,2,2
298,0,0,0,0,0,1,0,0,0,0,0,1,0,1,0,0,0,0,0,0,0,0,0,0,1,0,0,1,0,0,0
299,0,0,0,1,0,0,1,0,1,0,1,0,0,0,0,0,0,0,0,0,0,0,1,0,2,0,2,2,1,1,3
300,2,2,5,10,4,8,8,3,5,4,8,1,4,1,3,4,3,3,3,1,0,5,4,2,4,5,2,5,3,3,0
301,9,11,10,8,2,8,5,5,7,8,3,14,7,1,6,2,2,7,13,7,3,1,2,5,6,8,13,2,4,6,5
302,14,6,9,20,17,14,22,17,9,27,14,15,13,22,7,18,22,15,14,22,17,15,19,15,21,15,23,21,27,22,25
303,1,0,3,2,0,1,1,1,1,0,0,0,1,0,0,1,1,0,1,2,0,3,1,1,1,0,0,1,0,0,0
304,4,1,4,8,7,7,1,0,3,3,6,3,0,5,4,1,8,6,4,5,1,3,8,3,7,4,5,2,5,3,4
305,0,4,1,0,1,2,0,1,2,0,3,1,3,1,0,4,1,2,2,1,1,2,1,3,0,1,3,0,4,2,0
306,12,7,15,8,10,6,3,13,9,3,4,6,9,2,4,5,10,8,9,5,4,4,7,9,12,5,5,3,10,11,8
307,2,0,2,0,2,3,1,1,1,0,3,0,0,1,1,0,2,0,0,2,0,0,0,0,0,0,0,0,0,0,0
308,8,8,13,11,4,12,13,9,12,10,11,13,11,7,12,4,13,13,15,14,15,11,13,5,10,7,10,9,2,11,9
309,10,8,13,11,10,20,12,7,13,7,3,16,11,11,14,9,10,10,21,12,14,9,12,12,16,25,10,17,11,18,14
310,95,107,101,87,122,111,112,94,94,92,98,105,104,109,93,85,80,76,94,100,127,89,82,64,92,90,113,115,107,81,93
311,13,14,14,14,11,21,26,18,12,15,18,23,22,17,16,11,15,12,20,17,23,20,17,12,21,11,17,19,17,11,12
312,0,1,3,6,2,1,3,0,1,2,2,2,2,7,2,4,0,4,0,3,6,3,1,4,2,0,7,2,5,5,3
313,11,6,0,5,6,5,8,7,12,11,11,13,12,10,6,7,10,10,15,9,11,5,9,3,9,6,12,22,13,19,9
314,1,0,0,0,1,2,1,0,0,0,0,0,2,1,0,0,2,0,0,0,0,0,2,0,0,1,1,0,0,0,0
315,10,13,14,7,3,3,8,9,8,11,17,12,9,8,11,7,17,14,12,9,8,11,13,14,13,11,17,6,11,14,11
316,1,1,1,3,1,2,5,1,4,3,1,3,4,6,2,1,3,6,3,5,9,2,1,2,0,3,1,3,3,2,2
317,5,4,3,7,9,7,4,5,5,6,7,7,5,6,9,8,6,2,7,8,4,8,4,3,5,4,5,3,6,4,1
318,1,0,1,1,2,1,0,0,1,1,1,0,0,0,0,0,0,0,1,0,1,2,0,0,0,0,0,0,0,1,0
319,1,1,0,1,3,2,2,2,2,1,1,0,3,2,2,3,2,7,1,3,1,5,1,1,1,0,2,0,1,1,5
320,3,3,5,4,3,0,0,5,2,1,1,1,0,1,4,1,2,6,3,0,0,2,1,2,2,4,0,1,6,2,0
321,0,0,3,0,0,0,1,1,1,0,1,0,1,0,0,1,0,0,1,0,3,1,0,0,1,2,1,0,2,1,2
322,2,2,1,5,4,4,2,2,2,0,1,2,3,3,2,1,1,3,9,4,3,0,0,1,5,3,4,3,0,1,1
323,0,0,2,7,0,0,0,2,0,2,0,0,3,0,3,0,1,0,1,0,3,0,1,0,0,3,1,0,1,2,0
324,0,3,4,4,5,2,4,8,1,6,1,2,2,1,4,1,5,1,3,1,2,2,1,6,2,1,2,2,2,0,2
325,3,7,1,8,0,2,4,6,2,4,1,1,9,2,1,4,1,1,2,3,2,1,2,1,6,4,3,1,3,3,2
326,2,4,2,3,1,2,0,2,5,3,1,4,1,1,0,5,1,3,2,3,0,2,5,4,2,5,3,1,1,2,3
327,0,0,0,0,0,0,0,0,1,0,1,0,1,0,0,0,0,0,0,0,0,0,0,0,0,0,0,0,0,0,0
328,9,7,7,5,5,12,11,6,6,5,6,6,6,5,7,3,4,4,7,10,4,5,12,8,9,7,8,8,4,1,5
329,5,7,9,2,1,1,3,2,3,1,6,6,3,5,5,1,1,3,7,5,4,3,6,3,1,6,5,1,3,4,4
330,15,6,5,12,7,9,7,5,6,8,6,8,2,3,5,4,9,5,2,0,6,8,3,1,7,6,3,6,5,5,4
331,2,2,4,3,0,1,1,2,3,1,0,0,1,1,1,2,3,1,3,2,0,2,0,2,2,0,0,0,2,1,0
332,4,5,5,9,4,3,1,6,9,5,6,5,4,1,7,2,5,7,4,9,5,4,9,5,6,3,10,7,2,2,9
333,9,11,3,5,9,8,3,8,10,4,5,5,5,2,9,4,8,16,5,6,4,3,2,2,6,4,1,3,1,4,4
334,4,2,2,1,3,6,0,3,0,1,2,8,0,6,5,1,1,2,8,7,1,2,1,0,4,6,2,1,0,0,1
335,19,19,18,20,24,19,22,20,23,13,21,21,27,18,14,17,10,17,15,22,15,16,16,22,16,16,23,6,19,16,19
336,5,7,5,3,6,7,1,4,2,1,6,3,3,2,3,7,3,2,2,7,6,5,4,1,3,6,4,0,3,1,1
337,9,13,12,8,16,14,10,17,10,13,16,9,13,5,12,10,8,10,8,19,11,8,9,10,9,11,13,8,9,6,9
338,1,0,0,1,1,0,0,0,1,3,0,2,0,1,0,1,0,0,0,1,0,0,0,0,0,1,1,0,0,0,0
339,1,0,1,1,0,0,0,0,0,0,0,0,0,0,0,0,0,0,0,1,0,0,0,0,0,0,0,0,0,0,0
340,13,10,8,19,8,16,16,10,16,19,13,15,11,11,12,6,9,15,10,10,11,10,8,10,10,18,20,12,12,8,11
341,0,0,0,0,1,0,0,0,0,0,1,0,0,1,0,0,0,0,0,0,0,0,0,0,0,0,0,0,0,0,0
342,7,4,5,4,9,10,6,9,7,9,7,12,8,4,5,6,10,8,12,5,3,9,6,7,5,7,5,2,3,2,3
343,2,3,3,1,0,0,0,2,0,2,2,0,2,0,3,0,0,1,3,0,1,0,0,3,0,1,1,1,2,1,5
344,16,20,13,8,17,19,15,8,13,15,13,13,18,17,12,10,15,17,11,11,8,13,13,8,13,23,14,20,11,15,14
345,2,0,2,2,3,4,0,2,3,5,2,1,0,5,2,0,1,1,2,2,3,2,2,2,1,1,3,6,2,0,4
346,13,16,14,17,22,16,22,11,6,21,16,17,21,28,11,16,20,19,19,35,20,17,15,9,18,17,25,14,16,15,14
347,1,2,1,2,3,2,0,5,5,0,4,0,1,0,1,1,3,5,2,1,3,1,3,2,1,3,0,9,0,4,5
348,1,0,1,1,0,1,0,0,1,3,0,0,0,0,2,0,1,1,0,2,0,0,1,1,0,0,1,0,1,1,0
349,15,11,14,13,20,17,10,17,14,24,30,21,20,20,13,16,20,19,26,18,16,10,16,12,21,27,13,15,16,14,24
350,9,8,5,4,7,13,12,7,12,7,4,8,4,7,13,11,9,5,8,15,7,4,10,3,5,9,12,3,7,8,6
351,0,3,1,4,3,3,5,0,2,3,2,0,5,3,4,5,1,3,5,3,6,5,2,0,4,3,3,2,1,3,3
352,0,2,4,1,0,2,0,0,0,1,1,1,2,0,2,0,0,2,2,1,0,27,28,0,29,26,0,1,36,27,3
353,0,0,0,0,1,1,0,0,0,1,1,1,1,1,1,0,0,1,0,0,0,0,1,0,0,0,0,0,1,0,0
354,41,9,19,12,31,53,30,21,29,56,40,54,26,43,22,50,41,33,49,41,55,34,32,48,35,46,40,35,40,41,44
355,13,18,11,19,12,10,2,14,14,19,14,17,12,6,16,13,26,17,17,6,2,13,11,17,18,15,5,5,9,12,19
356,31,47,38,43,75,76,48,42,63,60,31,65,59,55,46,41,43,40,63,88,42,46,37,55,44,80,72,59,42,47,49
357,22,13,9,15,19,19,13,12,15,15,21,14,13,11,18,14,15,13,18,14,5,10,9,13,20,20,18,15,15,9,13
358,3,1,1,8,3,0,0,11,3,3,5,7,1,1,6,5,6,9,8,6,1,10,4,5,6,9,1,3,8,7,3
359,80,90,70,77,99,94,69,84,76,103,80,100,84,74,77,85,80,90,98,87,63,61,75,59,78,91,67,88,85,88,68
360,4,3,4,3,0,0,0,0,3,3,1,3,1,1,2,2,3,1,2,3,0,1,0,2,2,1,1,0,1,2,2
361,4,3,7,3,4,3,7,1,3,4,1,4,2,3,4,5,6,5,7,9,4,5,2,7,5,3,2,9,7,2,9
362,4,0,5,0,5,0,7,0,3,1,2,0,0,1,3,1,9,4,4,2,7,2,1,5,4,2,3,8,1,1,3
363,1,2,0,3,1,0,0,1,2,5,1,2,1,0,5,2,3,1,0,1,1,1,2,0,2,1,2,0,3,2,0
364,9,5,8,10,8,3,2,6,9,5,10,6,2,0,10,7,4,10,10,0,0,5,6,6,9,6,1,0,13,7,8
365,0,2,0,4,1,0,1,2,2,1,3,0,0,0,1,0,1,2,3,2,2,2,2,1,8,2,0,5,1,0,2
366,10,5,15,9,10,11,11,5,6,11,9,10,10,8,10,11,8,8,9,10,7,7,10,10,16,8,13,12,8,12,11
367,0,2,0,0,1,1,0,2,1,1,2,1,2,2,2,3,1,2,2,0,1,1,2,0,1,0,0,0,1,2,1
368,4,8,5,11,2,5,3,2,4,5,6,9,5,5,11,5,4,6,10,7,6,3,5,0,5,9,5,4,6,3,5
369,3,4,5,6,6,4,5,6,5,2,6,11,4,6,4,3,6,2,1,5,3,3,3,4,2,7,5,3,10,4,6
370,48,49,59,67,54,63,43,42,56,50,55,49,51,53,49,46,58,58,73,47,45,67,52,61,43,49,52,44,52,32,50
371,4,5,5,19,9,20,7,15,8,15,8,12,8,13,3,10,11,3,13,12,5,2,5,11,8,8,10,11,10,8,7
372,25,23,30,19,22,27,37,20,18,26,31,26,33,21,12,26,19,22,20,37,24,24,25,19,27,23,22,19,18,26,17
373,0,0,0,0,0,0,0,1,1,0,0,0,2,0,0,0,0,0,0,0,1,0,0,0,0,0,0,0,0,0,2
374,19,17,14,11,17,12,19,16,16,23,16,21,19,19,16,22,13,17,22,10,16,12,18,11,15,12,20,15,19,11,17
375,12,15,12,9,11,16,11,17,15,15,17,9,13,11,18,11,14,12,20,12,19,13,12,11,13,12,16,17,13,12,19
376,7,4,10,9,10,13,5,11,5,8,9,8,5,5,6,4,8,9,6,4,9,6,7,7,5,6,6,5,11,3,8
377,46,38,41,33,52,36,36,50,53,32,33,61,44,28,42,40,41,38,39,42,31,38,29,33,37,40,49,26,50,45,40
378,9,9,11,7,10,8,10,2,7,9,4,10,7,4,6,7,14,14,14,16,10,8,6,12,6,9,6,20,14,3,15
379,14,13,15,10,13,12,13,13,8,13,8,11,5,3,8,9,8,7,5,13,9,4,9,11,4,15,13,12,6,9,11
380,28,20,23,18,10,20,20,16,27,20,16,17,22,25,19,19,26,20,20,27,26,14,18,25,14,29,23,25,22,29,18
381,11,13,13,16,11,3,7,8,10,10,10,12,2,9,13,9,13,12,8,3,6,15,16,12,14,13,6,6,10,11,10
382,10,13,8,9,15,8,6,10,16,11,12,17,7,9,5,13,9,10,12,9,7,5,8,9,16,7,9,6,13,10,13
383,5,9,8,12,7,8,3,2,5,6,6,9,7,5,14,6,4,8,12,8,6,3,5,0,8,10,6,4,7,3,5
384,0,2,0,1,1,5,2,1,2,3,2,2,2,2,0,4,8,3,6,5,4,3,1,6,1,4,8,2,3,1,5
385,8,5,3,8,8,16,5,1,5,5,7,5,4,8,4,4,6,7,2,3,4,4,3,4,4,3,6,5,3,5,5
386,19,15,19,18,34,18,36,25,18,22,28,37,14,41,30,20,19,34,41,45,36,31,19,12,27,26,40,27,24,18,24
387,5,5,2,2,6,6,6,8,10,6,4,5,10,9,5,4,3,3,5,6,6,1,1,4,4,2,5,2,6,7,7
388,1,2,3,7,1,4,9,5,5,5,3,6,4,4,1,1,8,3,3,5,2,7,7,5,8,2,2,5,4,10,5
389,4,2,2,3,1,0,1,1,2,2,2,1,1,0,1,2,1,2,2,0,0,0,1,3,0,0,1,5,3,0,0
390,0,2,0,1,1,5,2,1,2,3,2,2,2,2,0,4,8,3,6,5,4,3,1,6,1,4,8,2,3,1,5
391,6,7,5,1,4,5,4,1,8,2,6,3,3,2,3,1,4,5,4,5,2,2,3,5,2,1,2,2,2,2,4
392,14,21,11,10,14,11,9,12,24,9,11,13,15,8,19,24,6,10,14,16,12,15,18,12,16,20,11,12,18,18,19
393,31,43,29,23,26,28,23,22,31,23,19,21,23,25,17,29,22,19,25,18,20,35,33,17,25,21,23,17,16,35,22
394,0,1,0,1,0,0,0,1,0,1,1,1,0,0,0,0,0,0,0,0,0,0,0,0,0,0,0,0,1,0,0
395,42,40,53,41,51,48,52,40,56,47,55,55,42,51,44,44,43,35,32,59,60,41,25,51,33,46,44,44,40,33,41
396,4,1,6,5,4,3,0,1,5,5,3,4,1,4,5,3,2,5,7,0,3,4,5,4,3,4,2,5,4,3,4
397,7,13,6,13,6,7,6,7,8,6,9,11,14,3,13,15,13,9,5,11,11,10,17,12,13,9,8,10,10,11,9
398,1,13,20,15,12,21,6,0,14,18,18,13,14,8,1,11,8,10,8,9,12,0,11,15,11,14,9,9,1,7,17
399,18,11,7,9,12,11,12,12,10,13,7,14,11,24,9,14,10,16,16,16,21,18,11,9,16,18,16,10,12,18,8
400,23,27,22,28,37,33,31,18,26,46,40,41,36,47,39,35,22,31,33,34,21,37,31,26,26,30,34,27,44,34,31
401,5,5,8,8,13,5,1,9,8,14,19,14,9,7,9,9,11,11,16,8,3,5,12,6,13,10,7,8,10,10,17
402,21,15,14,15,17,22,16,12,28,24,12,25,22,19,17,22,30,20,20,18,16,8,23,15,21,32,13,17,21,22,14
403,8,5,3,6,7,2,4,7,6,8,3,5,5,5,13,7,8,6,6,2,4,2,2,4,11,6,3,4,6,3,5
404,6,2,4,9,12,10,9,4,5,2,4,4,9,4,4,6,2,12,6,4,2,4,4,3,8,5,7,7,3,3,3
405,4,5,3,6,11,5,1,5,6,6,3,2,2,10,2,1,7,3,2,3,4,8,5,4,7,3,2,4,5,4,3
406,3,0,2,3,2,3,5,2,1,2,1,1,0,0,1,1,5,2,2,0,0,3,1,1,1,3,2,6,2,1,0
407,32,31,36,34,25,29,34,33,29,30,31,34,33,31,32,31,43,21,24,34,21,32,28,40,28,32,35,34,27,22,30
408,2,0,1,0,0,1,0,0,0,1,0,1,0,0,0,0,0,0,0,0,0,1,1,0,0,1,1,0,1,1,2
409,13,16,7,14,8,14,9,9,11,8,11,15,23,3,15,15,16,11,7,15,12,16,19,12,15,11,9,13,11,14,12
410,22,22,17,15,27,20,10,25,12,15,21,21,11,15,26,22,21,19,27,18,8,18,22,15,22,20,14,9,18,19,25
411,2,2,4,3,5,2,2,6,3,6,4,4,4,3,4,6,3,5,4,6,2,5,3,3,5,3,3,3,2,3,7
412,60,60,64,59,57,47,31,64,64,56,80,59,55,31,82,79,59,73,59,51,35,61,57,61,75,66,54,40,62,80,66
